additives_n,fat_100g,saturated-fat_100g,carbohydrates_100g,sugars_100g,fiber_100g,proteins_100g,sodium_100g,nutrition-score-uk_100g,healthy_label
0.0,50.0,7.81,21.88,3.12,9.4,21.88,0.0,9.0,1
0.0,50.0,6.25,21.88,3.12,6.2,21.88,0.438,12.0,1
0.0,50.0,7.81,21.88,3.12,9.4,21.88,0.0,9.0,1
1.0,0.0,0.0,11.38,0.0,4.1,4.07,0.233,-5.0,1
2.0,2.11,0.53,11.05,8.42,0.0,2.11,0.084,0.0,1
2.0,15.22,6.52,69.57,52.17,0.0,4.35,0.304,24.0,1
1.0,37.5,25.0,50.0,47.5,2.5,5.0,0.1,24.0,0
1.0,36.59,19.51,53.66,51.22,2.4,7.32,0.085,24.0,0
2.0,35.0,20.0,50.0,47.5,7.5,5.0,0.038,21.0,1
1.0,30.0,17.5,55.0,52.5,2.5,5.0,0.15,24.0,1
1.0,17.33,5.33,12.0,0.0,1.3,10.67,2.013,17.0,0
5.0,17.65,8.24,37.65,22.35,1.2,3.53,0.247,17.0,0
2.0,15.38,8.97,74.36,53.85,0.0,2.56,0.256,25.0,0
1.0,78.57,10.71,7.14,0.0,0.0,0.0,0.536,23.0,0
0.0,66.67,6.67,13.33,3.33,6.7,16.67,0.0,9.0,1
1.0,35.71,10.71,0.0,0.0,0.0,57.14,2.857,27.0,0
2.0,20.75,4.25,54.72,30.19,0.9,4.72,0.349,17.0,0
2.0,18.87,3.77,55.66,32.08,0.9,4.72,0.297,17.0,0
3.0,18.87,9.43,27.36,19.81,0.0,4.72,0.132,17.0,0
0.0,1.79,0.45,0.0,0.0,0.0,24.11,0.071,-4.0,1
0.0,30.0,7.5,35.0,15.0,12.5,25.0,0.45,14.0,0
0.0,0.0,0.0,9.17,3.33,2.5,1.67,0.008,-4.0,1
0.0,50.0,12.5,18.75,6.25,6.2,25.0,0.266,15.0,1
0.0,50.0,12.5,18.75,6.25,6.2,25.0,0.266,15.0,1
0.0,0.0,0.0,13.57,9.29,2.9,0.71,0.006999999999999999,-2.0,1
5.0,16.9,7.04,47.89,7.04,1.4,7.04,0.366,15.0,0
0.0,40.0,25.0,37.5,30.0,10.0,7.5,0.012,17.0,1
0.0,40.0,25.0,40.0,30.0,10.0,7.5,0.012,17.0,1
1.0,40.0,25.0,50.0,45.0,5.0,5.0,0.125,22.0,1
6.0,1.25,0.0,0.83,0.42,0.4,0.42,0.075,0.0,1
8.0,23.89,14.16,34.51,24.78,0.9,4.42,0.248,20.0,0
0.0,2.33,0.0,76.74,0.0,4.7,9.3,0.012,-6.0,1
0.0,0.0,0.0,57.14,5.71,31.4,28.57,0.0,-7.0,1
0.0,3.33,0.0,77.78,0.0,4.4,8.89,0.0,-6.0,1
4.0,10.0,0.0,33.33,33.33,0.0,0.0,0.133,10.0,0
2.0,78.57,21.43,0.0,0.0,0.0,0.0,0.75,26.0,0
6.0,22.86,8.57,60.0,28.57,2.9,11.43,0.243,18.0,0
6.0,13.85,2.31,40.0,9.23,1.5,6.15,0.769,13.0,0
0.0,0.0,0.0,9.41,2.35,3.5,3.53,0.018000000000000002,-6.0,1
0.0,0.0,0.0,4.65,2.33,1.2,1.16,0.029,-1.0,1
3.0,78.57,14.29,0.0,0.0,0.0,0.0,0.679,25.0,0
6.0,28.07,10.53,8.77,7.02,0.0,8.77,1.193,24.0,0
5.0,25.58,8.14,4.65,2.33,0.0,9.3,1.186,21.0,0
4.0,26.79,8.93,10.71,5.36,0.0,10.71,1.179,23.0,0
0.0,0.0,0.0,59.38,0.0,28.1,25.0,0.016,-8.0,1
0.0,46.88,6.25,25.0,9.38,6.2,21.88,0.438,14.0,1
0.0,46.88,6.25,25.0,9.38,6.2,21.88,0.438,14.0,1
0.0,46.88,6.25,25.0,9.38,6.2,21.88,0.438,14.0,1
0.0,100.0,7.14,0.0,0.0,0.0,0.0,0.0,17.0,1
6.0,13.85,2.31,40.0,9.23,1.5,6.15,0.769,13.0,0
0.0,0.0,0.0,12.14,8.57,2.9,0.0,0.0,-3.0,1
2.0,25.0,15.0,65.0,55.0,5.0,5.0,0.925,30.0,1
0.0,0.0,0.0,80.0,75.0,2.5,12.5,0.475,16.0,1
0.0,0.0,0.0,4.0,4.0,0.0,10.0,0.043,-5.0,1
2.0,0.0,0.0,11.33,11.33,0.0,8.0,0.04,-2.0,1
3.0,18.18,9.09,81.82,63.64,0.0,0.0,0.0,24.0,0
3.0,22.73,13.64,72.73,54.55,0.0,0.0,0.045,25.0,0
3.0,22.73,13.64,72.73,54.55,0.0,0.0,0.091,26.0,0
0.0,100.0,7.14,0.0,0.0,0.0,0.0,0.0,17.0,1
0.0,21.18,9.41,42.35,29.41,1.2,4.71,0.235,20.0,0
0.0,17.7,8.85,35.4,24.78,0.9,4.42,0.18600000000000005,17.0,0
0.0,0.71,0.0,12.14,8.57,2.9,0.0,0.0,-3.0,1
0.0,0.0,0.0,59.38,0.0,28.1,25.0,0.016,-8.0,1
6.0,1.79,0.0,7.14,3.57,0.0,17.86,1.214,11.0,1
4.0,78.57,14.29,0.0,0.0,0.0,0.0,0.7859999999999999,26.0,0
0.0,0.0,0.0,3.33,0.0,3.3,0.0,0.6,2.0,1
0.0,0.0,0.0,9.41,2.35,3.5,3.53,0.018000000000000002,-6.0,1
0.0,0.0,0.0,4.71,2.35,1.2,1.18,0.029,-1.0,1
0.0,0.0,0.0,6.67,2.86,2.9,0.95,0.019,-4.0,1
3.0,20.83,12.5,75.0,58.33,0.0,0.0,0.458,31.0,0
1.0,0.0,0.0,85.0,72.5,0.0,0.0,0.0,14.0,0
3.0,0.0,0.0,12.3,9.02,1.6,0.82,0.012,0.0,0
0.0,0.0,0.0,15.71,10.71,5.0,1.43,0.0,-3.0,1
0.0,1.95,0.78,14.06,0.78,3.9,4.69,0.398,-2.0,0
0.0,30.0,3.33,20.0,13.33,0.0,0.0,0.833,18.0,0
3.0,17.17,3.03,44.44,25.25,1.0,3.03,0.293,14.0,0
3.0,18.18,4.55,52.53,32.32,2.0,4.04,0.313,16.0,0
0.0,8.24,5.29,14.12,12.35,0.0,4.12,0.041,6.0,1
0.0,4.12,2.35,12.35,10.59,0.0,4.71,0.053,3.0,1
2.0,2.94,2.06,18.24,15.88,0.0,4.12,0.041,4.0,1
3.0,2.94,2.06,18.82,17.06,0.0,4.12,0.047,4.0,1
0.0,3.96,2.64,11.89,10.13,0.0,4.85,0.051,2.0,1
3.0,3.52,1.98,17.18,15.86,0.0,6.17,0.059,2.0,1
5.0,20.59,7.35,2.94,2.94,0.0,11.76,0.882,19.0,0
1.0,32.56,20.93,48.84,44.19,7.0,4.65,0.581,26.0,1
1.0,46.51,27.91,46.51,25.58,14.0,6.98,0.0,16.0,1
0.0,3.2,0.7,71.0,0.7,3.7,8.1,0.0,-6.0,1
0.0,2.42,0.0,50.0,3.23,3.2,9.68,0.355,-3.0,0
0.0,0.68,0.0,14.86,8.78,2.7,1.35,0.0,-2.0,1
0.0,0.68,0.0,14.86,8.78,2.7,1.35,0.0,-2.0,1
0.0,14.08,1.41,0.7,0.0,0.0,16.2,0.535,3.0,1
2.0,5.63,0.7,4.23,2.11,0.0,16.9,0.5,1.0,1
0.0,0.0,0.0,8.57,5.71,2.1,0.71,0.0,-1.0,1
4.0,0.0,0.0,42.86,28.57,0.0,0.0,0.0,7.0,0
1.0,0.0,0.0,11.29,8.87,0.8,0.0,0.008,0.0,0
1.0,0.0,0.0,19.53,14.06,0.8,0.0,0.008,2.0,0
2.0,53.57,7.14,17.86,3.57,14.3,21.43,0.7859999999999999,17.0,1
0.0,0.71,0.0,12.14,8.57,2.9,0.71,0.0,-3.0,1
0.0,0.0,0.0,9.29,4.29,2.1,0.71,0.0,-2.0,1
0.0,0.0,0.0,15.71,10.71,5.0,1.43,0.0,-3.0,1
3.0,12.31,2.31,46.15,12.31,1.5,6.15,0.5539999999999999,12.0,0
2.0,31.58,18.42,5.26,0.0,0.0,21.05,1.263,24.0,0
0.0,0.0,0.0,15.71,10.71,5.0,1.43,0.0,-3.0,1
2.0,78.57,21.43,0.0,0.0,0.0,0.0,0.75,26.0,0
0.0,0.0,0.0,80.95,76.19,0.0,0.0,0.0,13.0,1
0.0,0.0,0.0,3.51,1.75,0.0,0.0,0.35100000000000003,3.0,0
3.0,35.71,14.29,0.0,0.0,0.0,35.71,2.0,26.0,0
3.0,35.71,14.29,0.0,0.0,0.0,35.71,2.071,26.0,0
5.0,6.25,0.0,40.62,6.25,6.2,12.5,0.297,-3.0,1
0.0,78.57,7.14,0.0,0.0,0.0,0.0,0.429,19.0,0
0.0,0.44,0.0,17.7,0.88,5.3,6.19,0.425,-3.0,0
0.0,0.44,0.0,17.7,0.88,5.3,6.19,0.425,-3.0,0
0.0,0.0,0.0,19.47,0.88,6.2,7.08,0.257,-6.0,0
2.0,16.16,4.04,45.45,30.3,1.0,4.04,0.242,15.0,0
0.0,0.0,0.0,4.71,1.18,2.4,1.18,0.0,-3.0,1
10.0,0.0,0.0,85.2,77.4,0.0,0.0,0.0,14.0,0
5.0,22.22,6.67,6.67,4.44,0.0,13.33,0.867,18.0,0
0.0,50.0,7.81,21.88,9.38,6.2,21.88,0.469,16.0,1
0.0,0.0,0.0,9.17,3.33,2.5,1.67,0.008,-4.0,1
0.0,0.0,0.0,14.29,10.39,3.2,0.0,0.0,-2.0,1
1.0,15.0,1.67,23.33,20.0,0.0,0.0,0.083,7.0,0
2.0,0.38,0.0,13.85,4.62,3.1,4.62,0.446,-1.0,0
6.0,3.81,0.85,27.12,5.08,2.5,6.78,0.28,-1.0,0
4.0,18.4,10.4,35.2,23.2,0.8,4.8,0.392,21.0,0
4.0,17.7,7.08,46.9,23.01,0.9,6.19,0.5579999999999999,21.0,0
3.0,17.7,7.08,49.56,29.2,1.8,5.31,0.478,20.0,0
2.0,0.0,0.0,20.39,0.0,1.9,1.94,0.073,-2.0,1
3.0,78.57,21.43,0.0,0.0,0.0,0.0,0.75,26.0,0
5.0,10.0,0.0,33.33,33.33,0.0,0.0,0.0,9.0,0
4.0,10.0,0.0,40.0,40.0,0.0,0.0,0.0,11.0,0
5.0,10.0,0.0,40.0,40.0,0.0,0.0,0.0,11.0,0
6.0,10.0,0.0,33.33,33.33,0.0,0.0,0.0,9.0,0
0.0,0.0,0.0,9.29,4.29,2.1,0.71,0.0,-2.0,1
6.0,2.63,0.0,36.84,3.51,5.3,12.28,0.368,-4.0,1
2.0,16.0,1.0,74.0,26.0,6.0,8.0,0.46,10.0,0
1.0,3.33,0.0,50.0,6.67,3.3,10.0,0.4,-1.0,0
2.0,3.57,0.0,46.43,3.57,3.6,10.71,0.464,-2.0,0
1.0,0.0,0.0,19.53,14.06,0.8,0.0,0.008,2.0,0
0.0,0.0,0.0,12.3,9.84,2.5,0.0,0.016,-1.0,0
2.0,0.0,0.0,9.02,7.38,1.6,0.0,0.016,-1.0,0
0.0,0.0,0.0,3.33,3.33,3.3,0.0,0.667,3.0,1
1.0,0.0,0.0,3.33,3.33,3.3,0.0,0.667,3.0,1
3.0,1.92,0.77,16.15,0.77,3.8,5.38,0.454,-2.0,0
3.0,1.92,0.77,16.15,0.77,3.8,5.38,0.454,-2.0,0
0.0,0.0,0.0,16.15,0.77,3.8,5.38,0.454,-2.0,0
0.0,0.0,0.0,0.0,0.0,0.0,0.0,0.0,0.0,1
0.0,46.88,7.81,18.75,9.38,6.2,21.88,0.312,14.0,1
7.0,0.0,0.0,74.36,41.03,0.0,5.13,0.064,13.0,0
0.0,50.0,5.0,23.33,3.33,10.0,20.0,0.5,11.0,1
6.0,1.27,0.0,0.85,0.42,0.4,0.42,0.076,0.0,1
3.0,13.85,1.54,46.15,10.77,1.5,6.15,0.615,11.0,0
2.0,0.0,0.0,85.71,85.71,0.0,0.0,0.0,14.0,0
4.0,25.0,0.0,50.0,0.0,0.0,0.0,0.0,6.0,0
0.0,0.0,0.0,3.48,0.0,1.7,1.74,0.29600000000000004,0.0,1
0.0,0.0,0.0,2.61,0.0,2.6,2.61,0.039,-4.0,1
0.0,71.43,10.71,0.0,0.0,0.0,0.0,0.536,23.0,0
4.0,12.5,0.0,0.0,0.0,0.0,0.0,0.25,3.0,1
6.0,1.32,0.0,81.58,34.21,0.0,2.63,0.118,12.0,0
2.0,1.79,0.0,1.79,1.79,0.0,17.86,0.7140000000000001,3.0,1
0.0,5.88,1.18,8.24,1.18,4.7,12.94,0.0,-8.0,1
0.0,0.0,0.0,59.38,0.0,28.1,25.0,0.016,-8.0,1
2.0,0.0,0.0,93.02,58.14,0.0,0.0,0.047,14.0,0
8.0,0.0,0.0,75.0,47.5,0.0,5.0,0.025,13.0,0
4.0,4.55,0.0,90.91,54.55,0.0,0.0,0.045,15.0,0
2.0,0.0,0.0,100.0,100.0,0.0,0.0,0.0,14.0,0
1.0,10.0,2.5,80.0,60.0,0.0,5.0,0.25,18.0,0
0.0,0.0,0.0,3.33,0.0,3.3,0.0,0.6,2.0,1
1.0,0.0,0.0,10.68,8.97,0.9,0.43,0.004,0.0,0
4.0,0.0,0.0,8.26,6.61,0.8,0.0,0.004,0.0,0
0.0,0.0,0.0,3.33,0.0,3.3,0.0,0.6,2.0,1
3.0,10.0,2.5,82.5,52.5,0.0,5.0,0.238,19.0,0
3.0,14.29,4.29,68.57,34.29,0.0,2.86,0.4,20.0,1
4.0,30.0,10.0,66.67,66.67,0.0,0.0,0.033,25.0,0
4.0,1.06,0.0,6.78,6.36,0.4,0.42,0.068,1.0,1
4.0,1.01,0.0,7.77,7.09,0.3,0.68,0.101,2.0,1
3.0,1.04,0.0,3.33,2.92,0.4,0.42,0.067,0.0,1
1.0,33.33,23.81,4.76,0.0,0.0,23.81,1.286,24.0,0
5.0,3.53,1.57,9.8,1.18,1.2,8.24,0.255,-2.0,0
1.0,50.0,5.0,16.67,3.33,10.0,30.0,0.467,11.0,1
0.0,50.0,5.0,16.67,3.33,6.7,30.0,0.467,11.0,1
1.0,53.33,6.67,16.67,3.33,6.7,26.67,0.5,13.0,1
0.0,52.17,4.35,17.39,4.35,4.4,26.09,0.5870000000000001,12.0,1
2.0,31.58,21.05,5.26,0.0,0.0,21.05,1.211,24.0,0
0.0,85.71,10.71,0.0,0.0,0.0,0.0,0.5,24.0,0
0.0,78.57,14.29,0.0,0.0,0.0,0.0,0.536,23.0,0
1.0,0.0,0.0,85.0,72.5,0.0,0.0,0.038,14.0,0
0.0,22.68,3.28,0.14,0.0,0.0,1.13,1.605,15.0,1
1.0,7.5,5.0,80.0,47.5,0.0,2.5,0.3,21.0,0
3.0,78.57,14.29,0.0,0.0,0.0,0.0,1.143,28.0,0
10.0,19.57,10.87,33.7,29.35,1.1,4.35,0.185,21.0,0
5.0,10.0,0.0,40.0,40.0,0.0,0.0,0.0,10.0,0
3.0,21.43,3.57,57.14,3.57,3.6,7.14,0.929,13.0,0
2.0,25.0,3.57,60.71,3.57,3.6,7.14,1.071,13.0,0
3.0,57.14,7.14,17.86,3.57,10.7,21.43,0.321,13.0,1
1.0,57.14,7.14,17.86,3.57,10.7,21.43,0.321,13.0,1
1.0,42.86,5.36,25.0,7.14,10.7,17.86,3.143,17.0,1
4.0,0.0,0.0,86.67,66.67,3.3,0.0,0.14,11.0,1
0.0,0.0,0.0,7.06,3.53,4.7,3.53,0.012,-7.0,1
5.0,20.59,7.35,2.94,0.0,0.0,11.76,0.647,16.0,0
0.0,0.0,0.0,9.41,3.53,3.5,3.53,0.029,-6.0,1
0.0,1.0,0.0,60.0,2.0,30.0,26.0,0.0,-6.0,1
2.0,30.23,18.6,53.49,44.19,7.0,4.65,0.0,20.0,1
3.0,78.57,21.43,0.0,0.0,0.0,0.0,0.75,26.0,0
3.0,9.29,2.5,0.71,0.0,0.0,17.14,0.479,3.0,1
0.0,0.59,0.0,3.53,2.35,1.2,2.35,0.029,-2.0,1
0.0,42.86,4.76,28.57,0.0,28.6,19.05,0.024,0.0,1
0.0,50.0,8.33,23.33,6.67,6.7,20.0,0.16699999999999998,12.0,1
3.0,12.5,10.0,33.75,17.5,1.2,2.5,0.056,14.0,0
4.0,22.5,6.25,67.5,5.0,5.0,5.0,0.65,15.0,0
0.0,0.0,0.0,3.33,3.33,3.3,0.0,0.6,2.0,1
0.0,0.0,0.0,3.33,3.33,3.3,0.0,0.6,2.0,1
4.0,0.89,0.0,1.79,1.79,0.0,19.64,0.643,3.0,1
5.0,0.0,0.0,33.33,16.67,0.0,0.0,0.0,4.0,0
0.0,0.59,0.0,5.88,1.18,2.4,2.35,0.1,-3.0,1
0.0,0.0,0.0,14.29,10.39,3.2,0.0,0.0,-2.0,1
0.0,0.0,0.0,14.29,10.39,3.2,0.0,0.0,-2.0,1
0.0,0.0,0.0,14.05,10.33,2.1,0.41,0.0,0.0,1
0.0,0.0,0.0,14.05,10.33,2.1,0.41,0.0,0.0,1
0.0,0.0,0.0,14.05,10.33,2.1,0.41,0.0,0.0,1
0.0,0.0,0.0,17.57,0.68,1.4,2.03,0.0,-2.0,1
2.0,37.5,2.08,0.0,0.0,0.0,33.33,2.208,17.0,0
0.0,0.0,0.0,3.48,0.0,3.5,2.61,0.27,-3.0,1
1.0,29.41,10.29,52.94,47.06,2.9,11.76,0.412,26.0,1
0.0,14.0,3.5,2.0,0.0,0.0,25.0,0.37,4.0,1
0.0,1.92,0.77,17.69,0.0,6.9,5.38,0.385,-3.0,0
4.0,1.54,0.38,15.38,0.77,4.6,4.62,0.354,-3.0,0
2.0,8.12,1.25,16.88,3.12,0.6,15.62,0.412,2.0,1
2.0,1.79,0.0,3.57,0.0,0.0,15.48,0.429,0.0,1
0.0,0.0,0.0,4.71,2.35,1.2,1.18,0.029,-1.0,1
0.0,0.0,0.0,9.41,2.35,3.5,3.53,0.018000000000000002,-6.0,1
0.0,0.42,0.0,15.83,0.83,4.2,4.17,0.0,-6.0,0
0.0,0.0,0.0,3.33,0.0,3.3,0.0,0.5329999999999999,1.0,1
3.0,11.36,1.7,28.41,3.41,4.6,2.27,0.273,0.0,0
0.0,66.67,6.67,13.33,3.33,6.7,16.67,0.0,9.0,1
0.0,33.33,6.67,13.33,6.67,0.0,0.0,0.867,20.0,0
0.0,3.0,0.0,78.0,0.0,4.0,8.0,0.0,-5.0,1
0.0,0.71,0.0,12.14,8.57,2.9,0.71,0.0,-3.0,1
0.0,50.0,10.94,21.88,9.38,6.2,21.88,0.469,19.0,1
0.0,39.29,21.43,39.29,35.71,0.0,3.57,0.054000000000000006,23.0,1
1.0,5.41,0.68,75.68,28.38,6.8,8.11,0.486,10.0,1
1.0,3.0,2.0,13.33,10.67,0.0,3.33,0.047,2.0,1
3.0,3.0,2.0,14.0,12.67,0.0,7.33,0.033,0.0,1
6.0,6.67,0.0,6.67,0.0,0.0,0.0,0.0,1.0,0
0.0,0.0,0.0,8.97,6.41,2.6,1.28,0.077,-2.0,1
0.0,40.0,3.33,6.67,0.0,3.3,3.33,1.067,14.0,0
0.0,65.52,6.9,13.79,3.45,6.9,13.79,0.0,9.0,1
0.0,2.33,0.0,76.74,0.0,4.7,9.3,0.0,-6.0,1
0.0,0.0,0.0,28.57,0.0,1.9,3.81,0.005,-3.0,1
0.0,64.29,7.14,14.29,0.0,7.1,14.29,0.0,10.0,1
2.0,0.0,0.0,85.71,85.71,0.0,0.0,0.0,14.0,0
3.0,23.53,11.76,37.65,23.53,1.2,4.71,0.271,21.0,0
0.0,30.0,3.33,20.0,13.33,0.0,0.0,0.833,18.0,0
4.0,1.56,0.39,15.62,0.78,4.7,6.25,0.32,-4.0,0
1.0,37.21,20.93,53.49,39.53,7.0,4.65,0.209,22.0,1
3.0,39.13,15.22,0.0,0.0,0.0,30.43,2.174,25.0,0
0.0,1.79,0.89,1.79,1.79,0.0,21.43,0.929,11.0,1
2.0,38.89,13.89,0.0,0.0,0.0,33.33,1.6669999999999998,25.0,0
4.0,26.32,7.89,3.51,1.75,0.0,10.53,0.737,18.0,0
0.0,0.0,0.0,20.91,0.91,1.8,2.73,0.009000000000000001,-2.0,1
2.0,0.0,0.0,88.2,35.3,2.94,5.88,0.471,12.0,0
1.0,0.0,0.0,89.7,34.5,3.45,3.45,0.517,12.0,0
0.0,0.0,0.0,14.29,10.39,3.2,0.0,0.0,-2.0,1
1.0,20.51,15.38,66.67,51.28,0.0,2.56,0.192,27.0,0
1.0,17.95,12.82,79.49,74.36,2.6,2.56,0.103,23.0,0
0.0,0.0,0.0,3.57,0.0,3.6,0.0,0.971,5.0,1
2.0,0.0,0.0,16.81,15.93,0.9,0.88,0.004,2.0,0
3.0,0.0,0.0,100.0,94.12,0.0,0.0,0.0,14.0,0
4.0,0.0,0.0,85.0,72.5,0.0,0.0,0.0,14.0,0
3.0,19.57,5.43,65.22,8.7,2.2,4.35,1.261,18.0,0
0.0,9.09,0.0,45.45,18.18,18.2,27.27,0.0,-1.0,1
0.0,1.14,0.25,3.43,1.96,0.3,0.49,0.006999999999999999,0.0,1
0.0,3.53,2.06,5.88,5.88,0.0,2.94,0.129,3.0,1
0.0,3.53,0.0,3.53,1.18,2.4,2.35,0.059,-4.0,1
2.0,24.24,4.55,41.41,24.24,1.0,5.05,0.293,16.0,0
0.0,1.95,0.78,14.06,0.78,3.9,4.69,0.398,-2.0,0
1.0,7.5,5.0,80.0,47.5,0.0,2.5,0.3,21.0,0
2.0,0.0,0.0,100.0,92.86,0.0,0.0,0.0,14.0,0
0.0,63.33,13.33,13.33,0.0,6.7,13.33,0.0,12.0,1
1.0,3.33,0.0,50.0,6.67,3.3,10.0,0.4,-1.0,0
14.0,3.19,0.0,48.94,6.38,4.3,10.64,0.489,-1.0,0
0.0,0.0,0.0,3.33,3.33,3.3,0.0,0.667,3.0,1
0.0,0.0,0.0,3.33,3.33,3.3,0.0,0.6,2.0,1
0.0,0.0,0.0,3.33,3.33,3.3,0.0,0.6,2.0,1
0.0,50.0,6.25,21.88,3.12,9.4,25.0,0.391,12.0,1
0.0,2.22,0.0,77.78,0.0,6.7,6.67,0.0,-5.0,1
0.0,0.0,0.0,7.06,2.35,2.4,2.35,0.012,-4.0,1
1.0,0.0,0.0,3.33,3.33,3.3,0.0,0.6,2.0,1
6.0,3.57,0.0,53.57,3.57,3.6,10.71,0.536,-2.0,0
7.0,30.23,10.47,9.3,6.98,0.0,9.3,1.279,25.0,0
6.0,8.33,2.38,2.38,0.0,0.0,16.67,0.5710000000000001,4.0,0
0.0,1.18,0.0,3.53,2.35,1.2,2.35,0.029,-2.0,1
5.0,1.04,0.0,3.33,2.92,0.4,0.42,0.062,0.0,1
5.0,1.25,0.0,0.83,0.42,0.4,0.42,0.075,0.0,1
6.0,1.25,0.0,0.83,0.42,0.4,0.42,0.075,0.0,1
0.0,0.71,0.0,12.14,8.57,2.9,0.71,0.0,-3.0,1
0.0,46.67,11.67,26.67,10.0,10.0,23.33,0.28300000000000003,17.0,1
0.0,0.0,0.0,14.52,0.81,4.8,4.84,0.379,-3.0,0
0.0,64.71,5.88,14.71,2.94,5.9,14.71,0.0,8.0,1
0.0,64.71,5.88,14.71,2.94,5.9,14.71,0.0,8.0,1
3.0,2.13,0.0,40.43,2.13,14.9,10.64,0.404,-5.0,0
0.0,0.0,0.0,3.33,3.33,3.3,0.0,0.667,3.0,1
0.0,0.0,0.0,3.33,3.33,3.3,0.0,0.6,2.0,1
0.0,0.0,0.0,59.38,0.0,28.1,25.0,0.016,-8.0,1
2.0,0.0,0.0,3.33,3.33,3.3,0.0,0.6,2.0,1
0.0,0.0,0.0,3.33,0.0,3.3,0.0,0.5329999999999999,1.0,1
0.0,0.0,0.0,9.41,2.35,3.5,3.53,0.018000000000000002,-6.0,1
0.0,0.0,0.0,9.41,2.35,3.5,3.53,0.018000000000000002,-6.0,1
3.0,0.0,0.0,11.72,8.59,1.6,0.78,0.012,-1.0,0
0.0,0.42,0.0,15.83,0.83,4.2,5.0,0.4,-3.0,0
0.0,0.0,0.0,15.32,0.81,4.0,4.84,0.387,-3.0,0
2.0,6.67,0.0,6.67,0.0,0.0,0.0,0.0,1.0,0
5.0,0.0,0.0,29.23,21.54,0.0,4.62,0.092,4.0,1
0.0,2.08,0.0,62.5,0.0,20.8,22.92,0.01,-7.0,1
0.0,66.67,6.67,13.33,3.33,6.7,16.67,0.0,9.0,1
2.0,0.0,0.0,14.29,4.76,0.0,23.81,1.476,12.0,0
0.0,3.0,0.0,78.0,0.0,4.0,8.0,0.0,-5.0,1
0.0,0.71,0.0,12.14,8.57,2.9,0.71,0.0,-3.0,1
0.0,50.0,10.94,21.88,9.38,6.2,21.88,0.469,19.0,1
2.0,14.0,1.0,74.0,22.0,6.0,8.0,0.44,8.0,0
1.0,31.58,26.32,68.42,65.79,2.6,2.63,0.066,23.0,0
1.0,28.57,25.0,57.14,57.14,1.8,3.57,0.116,25.0,0
1.0,33.33,25.0,55.56,50.0,2.8,8.33,0.153,24.0,0
3.0,0.0,0.0,14.52,10.48,1.6,0.0,0.016,0.0,0
0.0,0.0,0.0,6.67,3.33,3.3,0.0,0.583,2.0,1
5.0,11.54,3.85,38.46,38.46,0.0,0.0,0.0,13.0,0
2.0,6.67,3.33,20.0,13.33,0.0,6.67,0.067,3.0,0
0.0,0.0,0.0,59.38,0.0,28.1,25.0,0.016,-8.0,1
0.0,0.0,0.0,4.71,2.35,2.4,1.18,0.024,-3.0,1
0.0,0.0,0.0,9.41,2.35,3.5,3.53,0.018000000000000002,-6.0,1
3.0,78.57,14.29,0.0,0.0,0.0,0.0,0.7859999999999999,26.0,0
2.0,0.0,0.0,90.0,36.67,3.3,3.33,0.4,12.0,0
0.0,1.95,0.78,14.06,0.78,4.7,4.69,0.398,-2.0,0
0.0,0.0,0.0,13.56,0.85,5.1,4.24,0.398,-3.0,0
2.0,16.0,1.0,74.0,26.0,6.0,8.0,0.46,10.0,0
2.0,14.0,1.0,74.0,22.0,6.0,8.0,0.44,8.0,0
3.0,17.86,17.86,64.29,50.0,0.0,7.14,1.643,35.0,1
7.0,0.0,0.0,76.92,41.03,0.0,5.13,0.064,13.0,0
6.0,5.13,3.85,76.92,48.72,0.0,0.0,0.128,18.0,0
5.0,0.0,0.0,87.5,55.0,0.0,0.0,0.062,14.0,0
4.0,18.68,10.99,31.87,21.98,1.1,4.4,0.385,20.0,0
3.0,0.0,0.0,12.3,9.02,1.6,0.82,0.012,0.0,0
0.0,0.0,0.0,3.33,3.33,3.3,0.0,0.6,2.0,1
0.0,0.88,0.0,21.24,0.88,7.1,7.08,0.327,-5.0,0
0.0,0.44,0.0,17.7,0.88,5.3,6.19,0.336,-4.0,0
0.0,0.44,0.0,17.7,0.88,5.3,6.19,0.336,-4.0,0
0.0,46.88,6.25,25.0,9.38,6.2,21.88,0.406,14.0,1
0.0,46.88,6.25,25.0,9.38,6.2,21.88,0.312,13.0,1
0.0,46.88,6.25,25.0,9.38,6.2,21.88,0.312,13.0,1
0.0,0.0,0.0,9.41,2.35,3.5,3.53,0.018000000000000002,-6.0,1
3.0,1.79,0.0,5.36,5.36,0.0,17.86,0.696,4.0,1
0.0,0.0,0.0,64.44,2.22,11.1,24.44,0.0,-6.0,1
0.0,1.04,0.0,77.08,0.0,14.6,10.42,0.0,-6.0,1
0.0,0.0,0.0,64.44,2.22,11.1,24.44,0.0,-6.0,1
0.0,0.0,0.0,76.19,0.0,2.4,7.14,0.0,-3.0,1
0.0,2.38,0.0,76.19,0.0,2.4,7.14,0.0,-3.0,1
0.0,78.57,14.29,0.0,0.0,0.0,0.0,0.536,23.0,0
1.0,25.0,15.91,68.18,63.64,2.3,4.55,0.068,23.0,0
0.0,0.0,0.0,3.48,0.0,1.7,1.74,0.313,0.0,1
0.0,100.0,7.14,0.0,0.0,0.0,0.0,0.0,17.0,1
4.0,0.0,0.0,40.0,20.0,0.0,0.0,0.0,6.0,0
4.0,0.0,0.0,50.0,33.33,0.0,0.0,0.0,9.0,0
4.0,78.57,17.86,0.0,0.0,0.0,0.0,0.643,25.0,0
0.0,65.52,6.9,13.79,3.45,6.9,13.79,0.0,9.0,1
2.0,0.0,0.0,9.02,7.38,1.6,0.0,0.016,-1.0,0
1.0,31.82,20.45,61.36,56.82,4.5,4.55,0.023,21.0,1
6.0,25.64,7.69,61.54,51.28,5.1,7.69,0.0,17.0,1
2.0,0.0,0.0,93.33,80.0,0.0,0.0,0.0,14.0,0
13.0,25.2,13.39,30.71,18.9,0.8,4.72,0.252,19.0,0
2.0,1.79,0.0,50.0,7.14,3.6,10.71,0.464,-1.0,0
0.0,0.0,0.0,12.86,10.0,1.4,0.71,0.0,1.0,1
0.0,0.65,0.0,12.26,8.39,2.6,0.65,0.001,-2.0,1
0.0,0.0,0.0,8.24,0.0,3.5,3.53,0.018000000000000002,-6.0,1
0.0,0.0,0.0,16.97,14.55,1.8,0.61,0.002,1.0,1
1.0,0.0,0.0,3.33,3.33,3.3,0.0,0.5329999999999999,1.0,1
5.0,1.79,0.0,3.57,1.79,0.0,16.07,0.768,4.0,1
0.0,0.0,0.0,3.53,0.0,2.4,2.35,0.076,-4.0,1
0.0,0.0,0.0,14.29,10.39,3.2,0.0,0.0,-2.0,1
0.0,0.0,0.0,17.57,0.68,1.4,2.7,0.0,-2.0,1
0.0,50.0,10.94,21.88,9.38,6.2,25.0,0.406,18.0,1
0.0,0.0,0.0,57.14,5.71,31.4,28.57,0.0,-5.0,1
1.0,25.0,15.62,64.06,54.69,4.7,3.12,0.039,20.0,1
0.0,0.0,0.0,13.85,0.77,4.6,4.62,0.438,-3.0,0
1.0,12.5,6.82,26.14,22.73,2.3,6.82,0.119,12.0,0
1.0,30.0,20.0,52.5,47.5,10.0,10.0,0.0,21.0,1
2.0,16.0,1.0,70.0,24.0,6.0,8.0,0.28,8.0,0
2.0,16.0,1.0,70.0,22.0,6.0,8.0,0.28,7.0,0
5.0,1.04,0.0,3.33,2.92,0.4,0.42,0.062,0.0,1
5.0,1.04,0.0,0.42,0.0,0.4,0.42,0.071,0.0,1
6.0,1.04,0.0,3.33,2.92,0.4,0.42,0.062,0.0,1
5.0,1.04,0.0,7.92,7.5,0.4,0.42,0.062,1.0,1
1.0,25.0,3.57,57.14,3.57,0.0,3.57,1.607,18.0,0
0.0,50.0,7.81,21.88,9.38,6.2,21.88,0.469,16.0,1
1.0,1.79,0.0,0.0,0.0,0.0,19.64,0.696,3.0,1
1.0,2.38,0.0,0.0,0.0,0.0,23.81,0.643,3.0,1
0.0,0.89,0.0,0.0,0.0,0.0,23.21,0.696,3.0,1
4.0,1.79,0.0,1.79,0.0,0.0,17.86,0.768,4.0,1
2.0,14.52,1.61,51.61,27.42,1.6,4.84,0.468,14.0,0
6.0,5.13,3.85,76.92,48.72,0.0,0.0,0.128,18.0,0
4.0,2.9,2.17,16.91,15.46,0.5,2.9,0.036000000000000004,5.0,1
4.0,2.9,2.17,16.91,15.46,0.5,2.9,0.036000000000000004,5.0,1
4.0,2.0,1.0,11.33,8.0,0.7,10.0,0.037000000000000005,-3.0,1
0.0,50.0,25.0,50.0,25.0,0.0,25.0,3.5,32.0,0
3.0,12.2,1.83,37.8,4.88,3.7,3.66,0.4270000000000001,2.0,0
2.0,0.0,0.0,1.9,0.95,0.0,0.0,0.005,0.0,0
3.0,1.79,0.0,3.57,1.79,0.0,17.86,0.696,3.0,1
3.0,1.79,0.0,8.93,5.36,0.0,17.86,0.679,4.0,1
2.0,3.33,0.0,33.33,33.33,0.0,0.0,0.333,12.0,0
3.0,0.0,0.0,13.33,6.67,0.0,0.0,0.0,1.0,0
2.0,10.0,6.67,33.33,33.33,0.0,0.0,0.2,17.0,0
2.0,3.33,0.0,40.0,33.33,0.0,0.0,0.333,12.0,0
2.0,3.33,0.0,33.33,33.33,0.0,0.0,0.333,12.0,0
0.0,15.45,7.27,32.73,25.45,0.9,2.73,0.155,15.0,0
1.0,0.0,0.0,100.0,0.0,0.0,0.0,3.0,16.0,0
1.0,0.0,0.0,59.38,31.25,6.2,3.12,0.012,3.0,1
1.0,14.0,6.0,42.0,24.0,2.0,2.0,0.28,14.0,0
1.0,16.0,7.0,42.0,24.0,2.0,4.0,0.25,14.0,0
2.0,5.36,0.0,46.43,7.14,3.6,7.14,0.679,6.0,0
1.0,5.56,0.0,44.44,7.41,7.4,7.41,0.037000000000000005,-5.0,0
3.0,2.67,2.0,11.33,11.33,0.0,6.67,0.0,0.0,1
0.0,50.0,9.38,21.88,9.38,6.2,21.88,0.469,18.0,1
1.0,0.0,0.0,12.5,12.5,0.0,0.0,0.006,2.0,0
0.0,50.0,6.67,16.67,3.33,6.7,26.67,0.183,10.0,1
2.0,0.0,0.0,89.47,57.89,0.0,0.0,0.0,14.0,0
1.0,7.5,5.0,80.0,47.5,0.0,2.5,0.3,21.0,1
0.0,0.0,0.0,19.58,11.67,0.8,0.42,0.006,1.0,0
0.0,50.0,5.0,23.33,3.33,10.0,20.0,0.5,11.0,1
0.0,66.67,6.67,13.33,3.33,6.7,16.67,0.0,9.0,1
1.0,0.0,0.0,11.25,11.25,0.0,0.0,0.004,2.0,1
1.0,20.83,12.5,75.0,58.33,0.0,0.0,0.042,26.0,0
2.0,18.57,10.0,37.14,24.29,1.4,7.14,0.28600000000000003,20.0,0
1.0,31.58,18.42,57.89,47.37,7.9,5.26,0.0,21.0,1
1.0,32.43,18.92,48.65,45.95,2.7,5.41,0.0,23.0,1
2.0,15.56,7.78,46.67,28.89,8.9,22.22,0.3,16.0,0
4.0,0.0,0.0,100.0,78.57,0.0,0.0,0.0,14.0,0
6.0,0.0,0.0,93.33,86.67,0.0,0.0,0.0,14.0,0
0.0,0.88,0.0,21.24,0.88,7.1,7.08,0.327,-5.0,0
0.0,0.71,0.0,12.14,8.57,2.9,0.0,0.0,-3.0,1
0.0,78.57,10.71,0.0,0.0,0.0,0.0,0.536,24.0,0
0.0,16.47,7.06,2.35,2.35,0.0,16.47,0.659,16.0,0
2.0,41.67,6.25,41.67,33.33,4.2,12.5,0.208,17.0,0
0.0,50.0,7.81,18.75,3.12,6.2,25.0,0.328,12.0,1
0.0,50.0,7.81,18.75,3.12,6.2,25.0,0.281,12.0,1
0.0,0.0,0.0,3.33,3.33,3.3,0.0,0.667,3.0,1
4.0,14.55,2.27,38.18,10.0,1.8,4.55,0.309,6.0,0
0.0,0.0,0.0,3.53,1.18,2.4,2.35,0.035,-4.0,1
0.0,1.15,0.0,13.85,0.77,4.6,4.62,0.369,-2.0,0
0.0,0.71,0.0,12.14,8.57,2.9,0.0,0.0,-3.0,1
5.0,25.58,8.14,4.65,2.33,0.0,9.3,1.186,21.0,0
0.0,30.0,3.33,20.0,13.33,0.0,0.0,0.833,18.0,0
5.0,40.0,6.67,6.67,6.67,0.0,0.0,1.267,21.0,0
3.0,35.29,11.76,5.88,5.88,0.0,23.53,1.0,26.0,0
0.0,0.6,0.0,7.14,2.38,3.6,2.38,0.03,-6.0,1
1.0,0.0,0.0,13.33,13.33,0.0,0.0,0.1,3.0,0
0.0,46.88,6.25,21.88,6.25,9.4,25.0,0.125,10.0,1
0.0,46.88,6.25,21.88,6.25,9.4,25.0,0.0,9.0,1
0.0,46.88,6.25,21.88,6.25,9.4,25.0,0.0,9.0,1
0.0,46.88,6.25,21.88,6.25,9.4,25.0,0.0,9.0,1
2.0,1.72,0.0,82.76,37.93,0.0,3.45,0.379,16.0,1
0.0,36.0,24.0,58.0,42.0,8.0,6.0,0.0,21.0,1
0.0,40.0,22.0,36.0,28.0,10.0,8.0,0.0,17.0,1
4.0,8.0,2.0,76.0,28.0,4.0,8.0,0.22,8.0,0
0.0,70.0,15.0,7.5,2.5,5.0,15.0,0.0,14.0,1
0.0,50.0,6.25,21.88,3.12,9.4,25.0,0.203,10.0,1
3.0,45.24,16.67,9.52,9.52,0.0,21.43,1.452,28.0,0
3.0,40.62,21.88,37.5,34.38,9.4,6.25,0.031,19.0,1
4.0,50.0,5.0,23.33,6.67,10.0,20.0,1.2,17.0,1
7.0,20.0,11.25,70.0,57.5,2.5,2.5,0.15,23.0,1
0.0,0.71,0.0,12.14,8.57,2.9,0.71,0.0,-3.0,1
4.0,26.79,8.93,10.71,5.36,0.0,10.71,1.179,23.0,0
3.0,2.22,0.0,53.33,6.67,2.2,11.11,0.511,1.0,0
0.0,0.0,0.0,3.33,0.0,1.7,1.67,0.317,0.0,1
0.0,0.71,0.0,12.14,8.57,2.9,0.71,0.0,-3.0,1
1.0,20.83,12.5,75.0,58.33,0.0,0.0,0.458,31.0,0
4.0,0.0,0.0,100.0,75.0,0.0,0.0,0.375,18.0,0
0.0,1.15,0.0,7.69,0.0,2.3,2.31,0.231,-2.0,0
0.0,0.0,0.0,30.71,16.43,2.9,0.71,0.025,0.0,1
0.0,0.0,0.0,30.71,16.43,2.9,0.71,0.025,0.0,1
0.0,0.0,0.0,12.86,10.71,5.0,0.0,0.0,-3.0,1
0.0,0.71,0.0,12.14,8.57,2.9,0.0,0.0,-3.0,1
0.0,0.44,0.0,17.7,0.88,5.3,6.19,0.336,-4.0,0
0.0,0.0,0.0,19.47,0.88,6.2,7.08,0.257,-6.0,0
0.0,78.57,14.29,0.0,0.0,0.0,0.0,0.536,23.0,0
0.0,0.0,0.0,9.41,2.35,3.5,3.53,0.018000000000000002,-6.0,1
0.0,0.0,0.0,9.41,2.35,3.5,3.53,0.018000000000000002,-6.0,1
0.0,0.0,0.0,9.41,2.35,3.5,3.53,0.018000000000000002,-6.0,1
0.0,1.97,0.0,6.3,1.57,2.4,4.72,0.134,-4.0,1
0.0,4.73,0.68,16.22,4.05,5.4,12.16,0.203,-7.0,1
0.0,0.0,0.0,59.38,0.0,28.1,25.0,0.016,-8.0,1
0.0,60.71,5.36,17.86,3.57,3.6,14.29,0.018000000000000002,8.0,1
5.0,26.79,8.93,1.79,0.0,0.0,14.29,0.75,19.0,0
0.0,67.86,8.93,10.71,3.57,7.1,14.29,0.0,11.0,1
0.0,2.17,0.0,78.26,0.0,4.3,8.7,0.0,-6.0,1
1.0,0.0,0.0,3.33,0.0,3.3,0.0,0.633,3.0,1
1.0,0.0,0.0,3.33,0.0,3.3,0.0,0.633,3.0,1
2.0,0.0,0.0,3.33,0.0,3.3,0.0,0.633,3.0,1
2.0,0.0,0.0,87.5,85.0,0.0,0.0,0.0,14.0,1
2.0,1.76,0.88,12.94,10.59,0.0,8.24,0.08800000000000001,-2.0,1
3.0,1.76,0.88,13.53,11.18,0.0,8.24,0.041,-2.0,1
3.0,19.72,4.23,47.89,25.35,1.4,5.63,0.35200000000000004,15.0,0
0.0,0.71,0.0,12.14,8.57,2.9,0.71,0.0,-3.0,1
0.0,0.0,0.0,16.15,0.77,3.8,5.38,0.454,-2.0,0
0.0,0.0,0.0,3.53,0.0,2.4,2.35,0.076,-4.0,1
0.0,0.0,0.0,3.53,0.0,2.4,2.35,0.076,-4.0,1
0.0,0.0,0.0,3.53,2.35,1.2,2.35,0.029,-2.0,1
0.0,0.0,0.0,59.38,0.0,28.1,25.0,0.016,-8.0,1
0.0,1.15,0.38,16.92,0.0,6.9,5.38,0.385,-3.0,0
0.0,1.54,0.0,17.69,1.54,6.9,6.15,0.32299999999999995,-4.0,0
0.0,0.0,0.0,16.15,0.0,6.9,5.38,0.385,-4.0,0
0.0,4.62,1.92,13.85,0.77,8.5,6.92,0.331,-4.0,0
0.0,4.62,1.92,13.85,0.77,8.5,6.92,0.331,-4.0,0
0.0,3.46,1.15,14.62,0.77,6.2,6.15,0.34600000000000003,-3.0,0
0.0,0.0,0.0,0.0,0.0,0.0,0.0,0.0,0.0,1
0.0,50.0,5.0,20.0,3.33,6.7,23.33,0.183,8.0,1
5.0,0.0,0.0,82.5,52.5,2.5,0.0,0.08800000000000001,11.0,1
0.0,67.86,16.07,10.71,3.57,7.1,14.29,0.0,13.0,1
0.0,23.33,3.33,26.67,6.67,16.7,43.33,0.467,9.0,1
1.0,19.15,4.26,55.32,34.04,0.0,4.26,0.319,19.0,0
3.0,0.0,0.0,12.3,9.84,2.5,0.0,0.016,-1.0,0
1.0,0.0,0.0,9.02,7.38,1.6,0.0,0.016,-1.0,0
2.0,78.57,14.29,0.0,0.0,0.0,0.0,0.75,26.0,0
0.0,0.83,0.0,15.0,0.83,4.2,5.0,0.3670000000000001,-3.0,0
0.0,0.0,0.0,21.69,12.05,1.8,0.6,0.027000000000000003,1.0,1
0.0,24.69,2.65,12.35,0.0,5.3,12.35,0.185,-3.0,1
0.0,0.0,0.0,17.97,0.0,5.5,7.03,0.391,-4.0,0
0.0,0.0,0.0,14.29,10.39,3.2,0.0,0.0,-2.0,1
2.0,23.23,3.54,41.41,28.28,3.0,6.06,0.364,13.0,0
3.0,21.13,4.23,50.7,28.17,1.4,5.63,0.35200000000000004,17.0,0
2.0,3.85,0.0,50.0,7.69,3.8,11.54,0.481,-1.0,0
2.0,3.19,0.0,48.94,6.38,4.3,10.64,0.489,-1.0,0
2.0,1.92,0.0,50.0,7.69,3.8,11.54,0.481,-1.0,0
0.0,0.0,0.0,80.0,75.0,2.5,12.5,0.475,16.0,1
0.0,0.0,0.0,9.02,9.02,0.0,0.41,0.0,2.0,0
5.0,0.0,0.0,0.0,0.0,0.0,0.0,0.317,3.0,0
0.0,50.0,6.94,22.22,5.56,8.3,25.0,0.0,9.0,1
5.0,17.14,10.48,7.62,3.81,0.0,2.86,0.848,21.0,1
0.0,46.88,6.25,18.75,12.5,6.2,28.12,0.0,10.0,1
1.0,16.07,5.36,5.36,0.0,0.0,14.29,1.357,17.0,0
1.0,0.89,0.0,1.79,1.79,0.0,19.64,0.821,5.0,1
0.0,26.83,12.2,63.41,43.9,2.4,7.32,0.122,23.0,0
0.0,0.0,0.0,50.0,0.0,0.0,50.0,0.0,-2.0,1
0.0,0.0,0.0,50.0,0.0,0.0,50.0,0.0,-2.0,1
2.0,0.0,0.0,94.12,64.71,0.0,0.0,0.235,17.0,0
2.0,25.0,15.0,60.0,45.0,2.5,2.5,0.15,22.0,1
1.0,0.0,0.0,2.94,0.74,1.5,0.0,0.64,5.0,1
0.0,0.71,0.0,12.14,8.57,2.9,0.71,0.0,-3.0,1
5.0,25.0,0.0,50.0,0.0,0.0,0.0,0.0,6.0,0
3.0,4.29,0.0,77.14,34.29,8.6,8.57,0.486,11.0,1
0.0,0.0,0.0,10.59,4.71,4.7,3.53,0.024,-6.0,1
0.0,0.0,0.0,4.65,1.16,1.2,1.16,0.006,-1.0,1
0.0,0.0,0.0,10.59,4.71,4.7,3.53,0.024,-6.0,1
4.0,25.0,0.0,50.0,0.0,0.0,0.0,0.0,6.0,0
0.0,0.0,0.0,3.33,3.33,3.3,0.0,0.667,3.0,1
0.0,0.0,0.0,3.33,3.33,3.3,0.0,0.667,3.0,1
5.0,26.32,15.79,10.53,5.26,0.0,15.79,1.263,24.0,0
3.0,78.57,14.29,0.0,0.0,0.0,0.0,0.75,26.0,0
6.0,7.78,2.22,2.22,0.0,0.0,15.56,0.578,4.0,0
2.0,4.23,1.88,19.72,1.41,0.9,4.23,0.249,1.0,0
0.0,100.0,7.14,0.0,0.0,0.0,0.0,0.0,17.0,1
1.0,35.71,10.71,0.0,0.0,0.0,57.14,2.857,27.0,0
1.0,23.33,15.0,73.33,66.67,0.0,3.33,0.633,30.0,0
0.0,0.0,0.0,9.29,4.29,2.1,0.71,0.0,-2.0,1
1.0,0.0,0.0,3.33,0.0,1.7,2.5,0.267,-1.0,1
0.0,0.41,0.0,7.38,3.28,4.1,1.64,0.004,-6.0,1
1.0,25.0,15.0,65.0,52.5,7.5,2.5,0.062,20.0,1
1.0,0.0,0.0,6.43,4.29,2.9,0.0,0.0,-4.0,1
1.0,0.0,0.0,6.43,4.29,2.9,0.0,0.0,-4.0,1
0.0,0.0,0.0,4.41,4.41,0.0,9.25,0.035,-5.0,1
0.0,0.0,0.0,10.13,8.37,0.0,8.37,0.033,-4.0,1
1.0,0.0,0.0,14.52,10.48,1.6,0.0,0.012,0.0,0
0.0,0.0,0.0,2.5,2.5,0.8,1.67,0.3,1.0,1
0.0,1.56,0.0,14.06,0.78,3.9,4.69,0.414,-2.0,0
0.0,30.95,19.05,57.14,50.0,4.8,4.76,0.002,21.0,1
1.0,0.0,0.0,3.33,0.0,3.3,0.0,0.6,2.0,1
0.0,33.33,3.33,20.0,13.33,0.0,0.0,0.733,17.0,0
2.0,0.0,0.0,90.32,41.94,3.2,3.23,0.371,13.0,0
9.0,3.51,0.88,50.88,8.77,7.0,10.53,0.333,-3.0,0
1.0,0.0,0.0,18.57,17.86,0.7,0.0,0.004,3.0,0
2.0,21.57,5.88,45.1,23.53,2.0,5.88,0.118,13.0,0
2.0,16.3,2.72,48.91,27.17,1.1,4.35,0.136,12.0,0
3.0,18.48,3.8,51.09,31.52,1.1,4.35,0.12,14.0,0
3.0,35.71,7.14,14.29,14.29,0.0,0.0,0.7140000000000001,22.0,0
1.0,78.57,14.29,0.0,0.0,0.0,0.0,0.464,23.0,0
0.0,1.54,0.0,16.92,0.77,5.4,6.15,0.34600000000000003,-4.0,0
1.0,0.0,0.0,3.33,3.33,3.3,0.0,0.6,2.0,1
6.0,7.78,2.22,2.22,0.0,0.0,15.56,0.578,4.0,0
1.0,0.0,0.0,3.33,3.33,3.3,0.0,0.6,2.0,1
0.0,0.0,0.0,3.5,0.0,2.0,1.0,0.25,0.0,1
0.0,0.88,0.0,1.77,0.0,0.0,18.58,0.23,-2.0,1
1.0,3.54,0.44,0.0,0.0,0.0,19.47,0.066,-4.0,1
4.0,78.57,35.71,0.0,0.0,0.0,0.0,0.75,26.0,0
4.0,31.58,21.05,5.26,5.26,0.0,15.79,1.737,25.0,0
0.0,100.0,7.14,0.0,0.0,0.0,0.0,0.0,17.0,1
0.0,16.67,5.0,66.67,63.33,0.0,0.0,0.083,19.0,0
0.0,36.67,6.67,23.33,0.0,10.0,20.0,0.3,10.0,1
0.0,0.0,0.0,4.71,2.35,1.2,1.18,0.029,-1.0,1
0.0,1.04,0.0,60.42,2.08,31.2,25.0,0.0,-6.0,1
0.0,0.0,0.0,8.24,0.0,3.5,3.53,0.018000000000000002,-6.0,1
0.0,78.57,10.71,0.0,0.0,0.0,0.0,0.607,24.0,0
2.0,19.35,3.23,19.35,19.35,0.0,0.0,0.935,20.0,0
2.0,14.0,1.0,74.0,22.0,6.0,8.0,0.44,8.0,0
0.0,0.0,0.0,59.38,0.0,28.1,25.0,0.016,-8.0,1
6.0,1.11,0.0,6.67,6.67,0.0,22.22,0.667,4.0,1
6.0,30.36,8.93,3.57,0.0,0.0,21.43,0.768,20.0,0
3.0,0.0,0.0,100.0,100.0,0.0,0.0,0.0,15.0,0
2.0,49.06,5.66,22.64,3.77,7.6,18.87,0.83,17.0,1
3.0,0.0,0.0,90.32,41.94,3.2,3.23,0.645,16.0,0
0.0,2.5,0.0,52.5,45.0,5.0,5.0,0.0,7.0,1
1.0,32.14,3.57,7.14,7.14,0.0,57.14,1.5,20.0,0
1.0,29.82,26.32,64.91,63.16,0.0,3.51,0.079,26.0,1
1.0,34.62,15.38,53.85,38.46,3.8,3.85,0.154,20.0,1
0.0,25.61,9.76,3.66,1.22,0.0,17.07,0.7440000000000001,20.0,0
1.0,0.0,0.0,12.35,10.59,0.0,8.24,0.038,-2.0,1
0.0,0.0,0.0,12.0,10.67,0.7,8.67,0.03,-3.0,1
0.0,0.0,0.0,12.0,10.67,0.7,8.67,0.03,-2.0,1
0.0,36.67,15.0,43.33,20.0,6.7,16.67,0.067,16.0,1
1.0,0.0,0.0,8.81,8.37,0.0,9.25,0.031,-4.0,1
2.0,0.0,0.0,90.32,38.71,0.0,3.23,0.452,17.0,0
0.0,0.0,0.0,16.67,16.67,3.3,0.0,0.0,-1.0,1
1.0,64.29,7.14,14.29,3.57,7.1,14.29,0.004,10.0,1
0.0,5.88,4.12,14.71,14.71,0.0,3.53,0.059,6.0,1
0.0,6.17,3.96,14.54,14.1,0.0,3.52,0.059,5.0,1
3.0,6.17,3.96,15.86,13.22,1.3,3.96,0.057,3.0,1
1.0,78.57,21.43,0.0,0.0,0.0,0.0,0.75,26.0,0
2.0,12.12,2.53,46.46,27.27,2.0,5.05,0.32299999999999995,12.0,0
0.0,0.0,0.0,0.0,0.0,0.0,0.0,0.0,0.0,1
4.0,13.85,2.31,40.0,9.23,1.5,6.15,0.769,13.0,0
0.0,0.0,0.0,15.32,0.81,4.8,5.65,0.387,-3.0,0
2.0,19.19,4.55,48.48,27.27,1.0,5.05,0.293,16.0,0
0.0,100.0,7.14,0.0,0.0,0.0,0.0,0.0,17.0,1
3.0,10.08,6.05,80.65,32.26,4.0,4.03,0.242,15.0,0
4.0,6.67,0.0,33.33,33.33,0.0,0.0,0.0,9.0,0
2.0,15.93,10.44,29.12,23.08,0.6,4.4,0.231,20.0,0
5.0,1.04,0.0,5.83,5.42,0.4,0.42,0.062,1.0,1
3.0,35.29,14.71,0.0,0.0,0.0,29.41,1.824,25.0,0
2.0,17.17,3.03,46.46,25.25,1.0,5.05,0.364,15.0,0
2.0,20.2,4.55,47.47,26.26,2.0,5.05,0.354,14.0,0
1.0,3.0,2.0,13.33,12.0,0.0,7.33,0.037000000000000005,0.0,1
4.0,10.59,7.06,31.76,21.18,0.0,3.53,0.224,15.0,0
4.0,6.67,0.0,33.33,33.33,0.0,0.0,0.067,9.0,0
4.0,6.67,0.0,33.33,33.33,0.0,0.0,0.0,9.0,0
3.0,6.67,0.0,13.33,0.0,0.0,0.0,0.0,1.0,0
2.0,3.85,0.0,50.0,7.69,3.8,11.54,0.481,-1.0,0
2.0,3.19,0.0,48.94,6.38,4.3,10.64,0.489,-1.0,0
0.0,0.0,0.0,3.33,0.0,3.3,0.0,0.6,2.0,1
6.0,1.79,0.0,1.79,1.79,0.0,19.64,0.804,4.0,1
2.0,23.23,4.04,47.47,27.27,1.0,5.05,0.364,18.0,0
5.0,0.0,0.0,7.14,3.57,0.0,17.86,0.7859999999999999,4.0,1
2.0,6.67,0.0,6.67,0.0,0.0,0.0,0.0,1.0,0
3.0,18.31,10.56,35.21,23.24,0.7,5.63,0.261,21.0,0
0.0,0.71,0.0,12.14,8.57,2.9,0.71,0.0,-3.0,1
4.0,19.27,11.01,29.36,25.69,0.0,3.67,0.257,20.0,0
0.0,100.0,7.14,0.0,0.0,0.0,0.0,0.0,17.0,1
0.0,3.33,0.0,77.78,0.0,4.4,8.89,0.0,-6.0,1
0.0,0.71,0.0,12.14,8.57,2.9,0.71,0.0,-3.0,1
0.0,0.83,0.0,15.0,0.83,4.2,5.0,0.3670000000000001,-3.0,0
0.0,0.0,0.0,80.95,76.19,0.0,0.0,0.0,13.0,1
3.0,0.0,0.0,100.0,0.0,0.0,0.0,0.0,6.0,0
0.0,46.88,6.25,25.0,9.38,6.2,21.88,0.406,14.0,1
0.0,0.0,0.0,80.95,76.19,0.0,0.0,0.0,13.0,1
3.0,0.0,0.0,40.0,20.0,0.0,0.0,0.0,6.0,0
0.0,0.0,0.0,4.71,2.35,2.4,2.35,0.024,-4.0,1
0.0,100.0,7.14,0.0,0.0,0.0,0.0,0.0,17.0,1
0.0,0.0,0.0,80.95,76.19,0.0,0.0,0.0,13.0,1
4.0,28.57,10.71,7.14,3.57,0.0,57.14,2.357,26.0,0
2.0,32.14,28.57,3.57,3.57,0.0,21.43,1.25,24.0,0
1.0,6.06,1.52,3.03,0.76,0.8,18.94,0.205,-2.0,1
0.0,10.67,2.0,4.0,3.33,0.0,19.33,0.267,0.0,1
0.0,85.71,10.71,0.0,0.0,0.0,0.0,0.536,23.0,0
0.0,100.0,14.29,0.0,0.0,0.0,0.0,0.0,20.0,1
0.0,100.0,7.14,0.0,0.0,0.0,0.0,0.0,17.0,1
1.0,78.57,10.71,0.0,0.0,0.0,0.0,0.5,23.0,0
2.0,4.76,2.86,27.62,25.71,0.0,7.62,0.105,6.0,1
2.0,20.97,4.84,53.23,33.87,3.2,4.84,0.597,18.0,0
0.0,0.53,0.0,9.57,0.0,2.1,3.19,0.043,-3.0,1
0.0,40.0,0.0,20.0,0.0,20.0,20.0,1.0,12.0,1
3.0,0.0,0.0,92.86,71.43,0.0,0.0,0.0,14.0,0
9.0,0.0,0.0,100.0,80.0,0.0,0.0,0.0,14.0,0
4.0,17.61,11.27,36.62,24.65,2.8,4.93,0.373,20.0,0
0.0,0.71,0.0,12.14,8.57,2.9,0.71,0.0,-3.0,1
1.0,2.0,1.0,10.0,8.0,0.0,8.0,0.03,-2.0,1
0.0,2.0,1.0,12.0,10.0,0.0,8.0,0.03,-1.0,1
1.0,0.0,0.0,100.0,100.0,0.0,0.0,0.067,14.0,0
0.0,50.0,10.94,21.88,9.38,6.2,25.0,0.469,19.0,1
1.0,11.54,4.62,18.46,13.85,0.8,8.46,0.042,3.0,1
4.0,14.79,8.45,37.32,27.46,2.1,5.63,0.338,18.0,0
0.0,0.0,0.0,12.14,9.29,2.9,0.71,0.0,-2.0,1
0.0,0.0,0.0,12.14,9.29,2.9,0.71,0.0,-2.0,1
6.0,8.33,2.08,75.0,25.0,4.2,8.33,0.188,9.0,0
6.0,10.42,2.08,70.83,29.17,4.2,8.33,0.375,12.0,0
0.0,0.71,0.0,12.14,8.57,2.9,0.71,0.0,-3.0,1
0.0,0.0,0.0,13.85,0.77,5.4,4.62,0.446,-3.0,0
0.0,0.71,0.0,12.14,8.57,2.9,0.71,0.0,-3.0,1
0.0,0.71,0.0,12.14,8.57,2.9,0.71,0.0,-3.0,1
0.0,0.0,0.0,59.38,0.0,28.1,25.0,0.016,-8.0,1
3.0,0.42,0.0,38.33,2.5,2.5,3.33,0.55,3.0,1
4.0,14.79,7.75,36.62,27.46,2.1,4.93,0.331,17.0,0
1.0,18.18,9.09,66.67,57.58,0.0,0.0,0.076,24.0,0
2.0,6.67,0.0,6.67,0.0,0.0,0.0,0.0,1.0,0
4.0,11.76,7.06,30.59,23.53,1.2,3.53,0.035,14.0,0
3.0,2.88,0.0,48.08,5.77,3.8,9.62,0.462,-1.0,0
0.0,0.59,0.0,8.24,2.35,3.5,3.53,0.018000000000000002,-6.0,1
1.0,57.14,7.14,7.14,3.57,0.0,0.0,0.679,20.0,0
0.0,8.49,6.6,75.47,52.83,1.9,7.55,0.66,26.0,0
0.0,0.71,0.0,12.14,8.57,2.9,0.71,0.0,-3.0,1
0.0,0.0,0.0,3.33,0.0,0.0,3.33,0.833,7.0,1
2.0,2.0,0.3,64.5,15.6,16.2,11.3,0.405511811023622,6.0,1
6.0,1.79,0.0,3.57,1.79,0.0,16.07,0.768,4.0,1
0.0,6.92,0.77,20.77,16.92,3.8,6.15,0.41,0.0,0
0.0,7.69,1.15,15.38,0.77,6.9,5.38,0.315,-3.0,0
1.0,32.14,21.43,57.14,50.0,7.1,3.57,0.0,21.0,1
2.0,20.0,0.0,30.0,20.0,10.0,10.0,4.5,13.0,1
3.0,6.58,0.0,32.89,2.63,9.2,6.58,0.408,-3.0,0
0.0,35.56,22.22,46.67,31.11,0.0,11.11,0.0,22.0,1
6.0,20.59,8.82,5.88,0.0,0.0,14.71,0.588,17.0,0
4.0,0.0,0.0,92.68,68.29,0.0,0.0,0.037000000000000005,14.0,0
0.0,44.19,18.6,44.19,37.21,4.6,9.3,0.349,22.0,1
2.0,0.0,0.0,14.71,10.59,0.6,7.06,0.038,-1.0,1
1.0,34.88,20.93,53.49,41.86,7.0,4.65,0.605,26.0,1
0.0,1.54,0.77,16.92,0.77,3.8,5.38,0.369,-3.0,0
0.0,0.0,0.0,59.38,0.0,28.1,25.0,0.016,-8.0,1
1.0,7.5,5.0,80.0,47.5,0.0,2.5,0.3,21.0,0
2.0,0.0,0.0,85.71,85.71,0.0,0.0,0.0,14.0,0
4.0,4.55,0.0,90.91,54.55,0.0,0.0,0.045,15.0,0
0.0,0.0,0.0,16.92,0.77,5.4,5.38,0.4,-3.0,0
0.0,5.31,1.33,0.0,0.0,0.0,17.7,0.049,-3.0,1
0.0,0.44,0.0,2.65,0.0,0.0,12.39,0.066,-5.0,1
0.0,26.67,1.67,33.33,33.33,0.0,0.0,0.25,13.0,0
0.0,43.75,6.25,37.5,18.75,9.4,31.25,0.0,13.0,1
3.0,7.97,0.72,42.75,23.19,2.2,3.62,0.28600000000000003,5.0,0
0.0,0.0,0.0,80.0,55.0,5.0,2.5,0.025,9.0,1
3.0,14.29,2.86,65.71,25.71,2.9,8.57,0.171,9.0,0
2.0,11.43,7.14,74.29,40.0,2.9,2.86,0.343,19.0,0
0.0,0.0,0.0,80.95,76.19,0.0,0.0,0.0,13.0,1
4.0,16.67,0.0,6.67,3.33,0.0,33.33,1.533,12.0,0
0.0,0.0,0.0,80.95,76.19,0.0,0.0,0.0,13.0,1
1.0,30.0,3.33,20.0,16.67,0.0,0.0,0.733,18.0,0
2.0,33.33,3.33,26.67,26.67,0.0,0.0,0.417,17.0,0
0.0,100.0,7.14,0.0,0.0,0.0,0.0,0.0,17.0,1
1.0,1.41,0.0,33.8,1.41,4.2,9.86,0.479,-3.0,1
0.0,0.71,0.0,12.14,8.57,2.9,0.71,0.0,-3.0,1
0.0,100.0,7.14,0.0,0.0,0.0,0.0,0.0,17.0,1
0.0,50.0,3.33,6.67,0.0,3.3,33.33,0.0,1.0,1
0.0,0.0,0.0,2.94,2.94,0.0,10.59,0.062,-5.0,1
1.0,1.52,0.0,39.39,1.52,6.1,7.58,0.394,-3.0,1
2.0,1.54,0.88,24.67,19.38,0.0,3.96,0.075,3.0,1
1.0,0.0,0.0,13.93,9.02,0.0,0.0,0.008,2.0,0
0.0,0.0,0.0,9.41,2.35,3.5,3.53,0.018000000000000002,-6.0,1
0.0,25.0,2.5,10.0,1.67,5.0,11.67,0.092,-4.0,1
0.0,32.14,21.43,60.71,50.0,7.1,3.57,0.018000000000000002,21.0,1
0.0,0.0,0.0,2.94,0.74,1.5,0.0,0.64,5.0,1
3.0,41.18,14.71,0.0,0.0,0.0,29.41,1.824,25.0,0
0.0,0.71,0.0,12.14,8.57,2.9,0.71,0.0,-3.0,1
5.0,16.67,10.0,6.67,6.67,0.0,6.67,0.733,20.0,0
3.0,13.04,7.61,28.26,23.91,1.1,3.26,0.261,15.0,0
3.0,11.96,7.61,29.35,21.74,0.0,2.17,0.337,16.0,0
3.0,0.0,0.0,60.0,2.86,28.6,25.71,1.171,9.0,1
0.0,53.85,3.85,15.38,0.0,7.7,30.77,4.231,15.0,1
0.0,3.0,0.0,78.0,0.0,4.0,8.0,0.0,-5.0,1
0.0,50.0,7.81,25.0,9.38,6.2,21.88,0.438,15.0,1
0.0,0.0,0.0,13.33,10.42,0.0,0.42,0.0,2.0,0
0.0,36.36,24.24,42.42,30.3,15.2,12.12,0.455,22.0,1
0.0,0.0,0.0,3.33,3.33,3.3,0.0,0.6,2.0,1
3.0,23.89,10.62,40.71,23.89,0.9,4.42,0.28300000000000003,21.0,0
4.0,18.58,7.96,40.71,22.12,0.9,3.54,0.265,16.0,0
1.0,42.5,25.0,42.5,30.0,10.0,10.0,0.0,18.0,1
1.0,7.5,5.0,80.0,47.5,0.0,2.5,0.3,21.0,0
0.0,0.0,0.0,14.29,10.39,3.2,0.0,0.0,-2.0,1
0.0,50.0,9.38,18.75,9.38,6.2,25.0,0.438,17.0,1
1.0,16.07,8.93,78.57,71.43,3.6,3.57,0.14300000000000002,19.0,0
0.0,1.79,0.0,64.29,53.57,7.1,10.71,0.464,14.0,1
1.0,25.35,9.86,39.44,28.17,0.0,2.82,0.211,21.0,0
2.0,21.24,12.39,26.55,19.47,0.9,5.31,0.398,20.0,0
3.0,22.12,12.39,30.97,23.89,2.6,5.31,0.28300000000000003,19.0,0
2.0,23.01,12.39,26.55,21.24,0.9,5.31,0.265,18.0,0
0.0,0.0,0.0,15.32,0.81,4.8,5.65,0.387,-3.0,0
3.0,32.14,14.29,5.36,3.57,0.0,8.93,1.161,24.0,0
4.0,12.5,4.46,4.46,0.0,0.0,16.96,0.312,4.0,0
1.0,19.47,6.19,0.88,0.0,0.9,18.58,0.8320000000000001,17.0,0
5.0,1.79,0.0,5.36,1.79,0.0,16.07,0.946,11.0,1
2.0,0.0,0.0,7.5,7.5,0.0,0.0,0.0,1.0,1
5.0,0.0,0.0,87.5,87.5,0.0,0.0,0.0,14.0,0
5.0,0.0,0.0,93.33,86.67,0.0,0.0,0.0,14.0,0
2.0,0.0,0.0,7.65,7.35,0.0,0.0,0.004,1.0,1
2.0,0.0,0.0,7.5,7.08,0.0,0.0,0.004,1.0,1
0.0,1.56,0.0,15.62,15.62,0.0,6.25,0.281,3.0,1
2.0,0.0,0.0,3.33,0.0,2.5,0.83,0.8,5.0,1
1.0,16.67,9.52,73.81,69.05,2.4,2.38,0.071,21.0,1
5.0,0.0,0.0,100.0,73.33,0.0,0.0,0.0,14.0,0
2.0,0.0,0.0,85.71,85.71,0.0,0.0,0.0,10.0,0
1.0,10.0,1.25,80.0,50.0,0.0,2.5,0.162,16.0,0
0.0,9.25,1.1,1.32,0.44,0.9,1.76,0.0,0.0,1
0.0,0.0,0.0,0.88,0.0,0.0,10.62,0.177,-4.0,1
3.0,21.33,9.33,1.33,1.33,0.0,16.0,0.5329999999999999,17.0,0
1.0,33.33,19.05,4.76,0.0,0.0,19.05,1.286,24.0,0
1.0,25.71,8.57,1.43,0.0,0.0,17.14,0.7859999999999999,19.0,0
2.0,0.0,0.0,89.7,34.5,3.45,3.45,0.517,12.0,0
2.0,6.86,3.92,66.67,5.88,5.9,17.65,1.078,13.0,0
8.0,18.18,4.55,66.67,57.58,0.0,0.0,0.16699999999999998,20.0,0
7.0,18.18,4.55,63.64,60.61,3.0,0.0,0.136,16.0,0
0.0,100.0,7.14,0.0,0.0,0.0,0.0,0.0,17.0,1
0.0,0.0,0.0,3.53,1.18,2.4,1.18,0.018000000000000002,-3.0,1
0.0,0.0,0.0,17.65,5.88,2.4,1.18,0.029,-1.0,1
11.0,15.62,10.42,37.5,8.33,2.1,31.25,0.229,16.0,0
2.0,0.0,0.0,100.0,73.33,0.0,0.0,0.067,14.0,0
3.0,13.28,5.47,20.31,2.34,1.6,11.72,0.43,10.0,0
4.0,17.7,3.54,45.13,28.32,0.9,4.42,0.28300000000000003,15.0,0
0.0,67.86,8.93,10.71,3.57,7.1,14.29,0.0,11.0,1
2.0,14.0,1.0,1.2,0.0,1.2,1.0,0.9,9.0,1
0.0,1.33,0.0,22.12,0.0,3.5,6.19,0.221,-4.0,0
2.0,0.0,0.0,71.43,39.29,0.0,0.0,0.8959999999999999,20.0,0
0.0,0.0,0.0,2.63,0.0,1.8,1.75,0.219,-1.0,1
1.0,16.07,5.36,5.36,0.0,0.0,14.29,1.357,17.0,0
0.0,0.0,0.0,4.0,2.0,3.0,1.0,0.6609999999999999,3.0,1
0.0,40.0,25.71,40.0,40.0,5.7,5.71,0.003,19.0,1
2.0,0.0,0.0,8.57,7.86,1.4,0.0,0.014,0.0,0
2.0,56.25,3.12,6.25,3.12,0.0,0.0,0.469,14.0,0
0.0,46.88,6.25,18.75,6.25,6.2,28.12,0.0,9.0,1
2.0,25.0,14.29,57.14,21.43,0.0,3.57,0.161,20.0,0
0.0,10.42,2.08,66.67,29.17,4.2,8.33,0.0,7.0,0
0.0,0.0,0.0,12.86,7.86,4.3,0.71,0.0,-4.0,1
4.0,20.83,12.5,75.0,58.33,0.0,0.0,0.125,27.0,0
3.0,25.0,12.5,75.0,50.0,0.0,0.0,0.042,26.0,0
0.0,0.0,0.0,8.97,6.41,2.6,1.28,0.077,-2.0,1
0.0,0.0,0.0,8.97,6.41,2.6,1.28,0.077,-2.0,1
1.0,0.0,0.0,3.33,0.0,3.3,0.0,0.6,2.0,1
1.0,0.0,0.0,3.33,0.0,3.3,0.0,0.6,2.0,1
9.0,6.25,2.08,79.17,29.17,4.2,4.17,0.208,9.0,0
0.0,0.0,0.0,3.53,0.0,2.4,3.53,0.08199999999999999,-5.0,1
0.0,0.0,0.0,8.97,6.41,2.6,1.28,0.077,-2.0,1
0.0,60.71,5.36,17.86,3.57,3.6,14.29,0.018000000000000002,8.0,1
5.0,30.0,7.5,35.0,15.0,12.5,25.0,0.425,14.0,0
0.0,0.71,0.0,12.14,8.57,2.9,0.71,0.0,-3.0,1
4.0,40.0,13.33,0.0,0.0,0.0,26.67,1.733,25.0,0
2.0,4.12,2.94,11.18,10.0,0.0,7.65,0.032,1.0,1
4.0,5.56,5.56,83.33,55.56,0.0,0.0,0.083,19.0,0
1.0,5.26,5.26,63.16,42.11,0.0,0.0,0.184,19.0,0
2.0,15.56,6.67,40.0,6.67,15.6,37.78,0.17800000000000002,7.0,1
2.0,11.76,1.76,28.24,3.53,2.4,2.35,0.635,6.0,0
2.0,15.29,5.88,45.88,28.24,1.2,3.53,0.282,17.0,0
0.0,0.0,0.0,9.41,2.35,3.5,3.53,0.018000000000000002,-6.0,1
10.0,3.85,0.0,51.92,5.77,3.8,9.62,0.5579999999999999,0.0,0
3.0,0.0,0.0,90.32,38.71,0.0,3.23,0.452,17.0,0
0.0,0.0,0.0,9.41,2.35,3.5,3.53,0.029,-6.0,1
0.0,0.0,0.0,4.71,2.35,3.5,3.53,0.029,-6.0,1
7.0,1.67,0.0,90.0,53.33,13.3,0.0,0.35,12.0,0
1.0,0.0,0.0,4.0,4.0,0.0,0.0,1.2,10.0,0
5.0,0.0,0.0,0.42,0.0,0.0,0.0,0.004,0.0,1
1.0,35.0,22.5,47.5,30.0,10.0,7.5,0.062,17.0,1
0.0,8.45,0.7,16.9,2.82,4.2,9.86,0.394,-4.0,0
2.0,8.45,2.82,25.35,2.82,2.8,8.45,0.493,1.0,0
6.0,1.25,0.0,0.83,0.42,0.4,0.42,0.075,0.0,1
1.0,51.43,31.43,31.43,17.14,8.6,8.57,0.0,15.0,1
2.0,4.44,0.0,51.11,4.44,2.2,8.89,0.489,0.0,0
2.0,0.0,0.0,85.71,85.71,0.0,0.0,0.0,14.0,0
1.0,30.0,7.5,35.0,15.0,12.5,25.0,0.425,14.0,0
2.0,11.43,1.43,62.86,28.57,5.7,8.57,0.271,9.0,0
0.0,0.71,0.0,12.14,8.57,2.9,0.0,0.0,-3.0,1
6.0,28.07,7.89,5.26,3.51,0.0,7.02,1.158,20.0,0
3.0,0.0,0.0,90.32,38.71,0.0,3.23,0.452,17.0,0
3.0,0.0,0.0,90.32,38.71,0.0,3.23,0.452,17.0,0
0.0,0.0,0.0,0.0,0.0,0.0,0.0,0.0,0.0,1
1.0,46.67,30.0,40.0,20.0,10.0,6.67,0.0,16.0,1
3.0,18.18,9.09,81.82,63.64,0.0,0.0,0.091,25.0,0
5.0,10.0,0.0,33.33,33.33,0.0,0.0,0.0,9.0,0
5.0,10.0,0.0,33.33,33.33,0.0,0.0,0.0,9.0,0
2.0,0.0,0.0,11.11,9.78,0.0,9.33,0.04,-2.0,1
1.0,0.0,0.0,7.33,6.67,0.0,9.33,0.04,-4.0,1
2.0,0.0,0.0,11.33,10.0,0.0,9.33,0.04,-2.0,1
1.0,0.0,0.0,11.33,10.0,0.0,9.33,0.04,-2.0,1
2.0,0.0,0.0,11.33,10.0,0.0,9.33,0.04,-2.0,1
9.0,3.08,1.32,10.13,1.76,1.3,3.96,0.392,3.0,0
2.0,15.49,9.86,47.89,29.58,1.4,4.23,0.338,21.0,0
4.0,22.12,2.65,40.71,23.89,1.8,5.31,0.327,12.0,0
0.0,0.0,0.0,14.52,0.81,4.8,4.84,0.379,-3.0,0
0.0,0.0,0.0,13.57,9.29,2.9,0.71,0.006999999999999999,-2.0,1
3.0,0.0,0.0,77.78,2.22,2.2,6.67,0.933,11.0,0
0.0,46.88,7.81,25.0,12.5,6.2,21.88,0.469,16.0,1
0.0,25.0,10.0,42.5,17.5,17.5,25.0,0.4,16.0,0
0.0,0.0,0.0,9.41,2.35,3.5,3.53,0.018000000000000002,-6.0,1
0.0,0.0,0.0,4.65,2.33,1.2,1.16,0.029,-1.0,1
2.0,14.0,1.0,74.0,22.0,6.0,8.0,0.44,8.0,0
2.0,14.0,1.0,72.0,20.0,6.0,8.0,0.48,9.0,0
0.0,0.0,0.0,20.0,0.0,20.0,40.0,0.0,-7.0,1
0.0,33.33,20.0,60.0,46.67,6.7,3.33,0.067,21.0,1
0.0,29.03,16.13,61.29,41.94,6.4,6.45,0.097,21.0,1
5.0,18.18,2.02,39.39,22.22,2.0,5.05,0.354,11.0,0
6.0,0.0,0.0,80.0,50.0,0.0,10.0,0.03,13.0,0
0.0,0.71,0.0,12.14,8.57,2.9,0.71,0.0,-3.0,1
0.0,66.67,6.67,13.33,0.0,6.7,16.67,0.0,9.0,1
0.0,78.57,10.71,0.0,0.0,0.0,0.0,0.5710000000000001,24.0,0
2.0,1.92,0.0,50.0,3.85,3.8,7.69,0.442,-2.0,0
1.0,0.89,0.0,5.36,5.36,0.0,21.43,0.643,4.0,1
3.0,0.89,0.0,0.0,0.0,0.0,21.43,0.75,4.0,1
0.0,66.67,15.0,13.33,3.33,6.7,13.33,0.0,13.0,1
1.0,0.0,0.0,19.53,14.06,0.8,0.0,0.008,2.0,0
0.0,0.44,0.0,17.7,0.88,5.3,6.19,0.336,-4.0,0
0.0,0.0,0.0,3.33,0.0,1.7,1.67,0.317,0.0,1
0.0,0.0,0.0,3.33,3.33,3.3,0.0,0.667,3.0,1
0.0,0.0,0.0,60.0,4.44,15.6,24.44,0.033,-6.0,1
3.0,20.83,4.17,43.06,26.39,0.0,4.17,0.312,16.0,0
1.0,35.0,17.5,45.0,37.5,2.5,17.5,0.125,23.0,1
6.0,50.0,8.93,7.14,3.57,0.0,7.14,0.679,21.0,0
4.0,19.23,5.77,56.41,35.9,2.6,3.85,0.256,16.0,0
0.0,0.0,0.0,4.85,4.06,0.0,0.0,0.0,0.0,1
0.0,0.0,0.0,9.94,8.25,0.0,0.85,0.0,1.0,0
0.0,0.0,0.0,9.17,3.33,2.5,1.67,0.008,-4.0,1
0.0,0.0,0.0,9.17,3.33,2.5,1.67,0.008,-4.0,1
0.0,3.33,0.0,73.33,0.0,6.7,6.67,0.0,-5.0,1
1.0,85.71,14.29,0.0,0.0,0.0,0.0,0.5710000000000001,25.0,0
5.0,0.83,0.0,0.42,0.0,0.4,0.42,0.054000000000000006,0.0,1
4.0,2.35,0.0,12.94,7.06,3.5,3.53,0.106,-3.0,1
2.0,0.0,0.0,3.57,0.0,0.0,0.0,0.893,9.0,0
0.0,100.0,7.14,0.0,0.0,0.0,0.0,0.0,17.0,1
1.0,25.0,15.0,65.0,52.5,7.5,5.0,0.0,20.0,1
1.0,25.0,15.0,65.0,52.5,7.5,5.0,0.0,20.0,1
0.0,11.82,2.27,1.82,0.0,0.0,21.82,0.4,3.0,1
0.0,100.0,7.14,0.0,0.0,0.0,0.0,0.0,17.0,1
2.0,24.78,9.73,34.51,21.24,0.9,3.54,0.239,18.0,0
3.0,32.56,20.93,53.49,41.86,7.0,4.65,0.047,19.0,1
0.0,0.0,0.0,1.79,0.89,0.0,0.0,0.438,4.0,1
2.0,19.3,10.53,36.84,21.05,1.8,7.02,0.333,19.0,0
0.0,21.21,7.58,33.33,0.0,0.0,12.12,0.848,20.0,0
1.0,25.0,3.57,57.14,3.57,0.0,3.57,1.607,18.0,0
0.0,0.0,0.0,8.57,5.71,2.9,0.0,0.0,-3.0,1
0.0,0.0,0.0,59.38,0.0,28.1,25.0,0.016,-8.0,1
0.0,0.0,0.0,25.38,5.38,3.1,1.54,0.035,-2.0,1
1.0,34.78,20.65,57.61,44.57,6.5,4.35,0.011,20.0,1
5.0,25.08,10.85,0.68,0.0,0.0,15.59,0.807,21.0,0
0.0,0.0,0.0,78.57,42.86,10.7,10.71,0.25,10.0,1
4.0,21.05,3.51,56.14,28.07,1.8,3.51,0.35100000000000003,15.0,0
3.0,19.3,2.63,50.88,26.32,1.8,3.51,0.333,12.0,0
5.0,0.0,0.0,33.33,16.67,0.0,0.0,0.0,4.0,1
1.0,20.0,5.0,55.0,17.5,12.5,12.5,0.175,7.0,1
3.0,25.0,5.0,55.0,17.5,10.0,12.5,0.175,8.0,1
0.0,41.86,25.58,30.23,25.58,11.6,6.98,0.0,16.0,1
0.0,31.11,17.78,44.44,37.78,4.4,4.44,0.078,19.0,1
0.0,100.0,7.14,0.0,0.0,0.0,0.0,0.0,17.0,1
1.0,31.71,19.51,58.54,48.78,4.9,4.88,0.0,21.0,1
9.0,0.0,0.0,79.49,56.41,0.0,5.13,0.16699999999999998,15.0,0
0.0,0.0,0.0,65.0,32.5,5.0,2.5,0.012,4.0,1
3.0,0.0,0.0,78.57,60.71,0.0,0.0,0.054000000000000006,13.0,1
0.0,6.92,1.54,16.92,0.0,5.4,7.69,0.362,-2.0,0
0.0,2.4,0.0,38.4,0.0,1.6,4.0,0.0,-2.0,1
0.0,0.0,0.0,9.41,2.35,3.5,3.53,0.024,-6.0,1
0.0,0.0,0.0,9.86,7.75,0.7,0.7,0.0,1.0,1
1.0,1.23,0.53,20.77,14.44,0.7,3.17,0.053,3.0,1
1.0,15.49,6.34,45.77,35.21,0.0,4.93,0.324,20.0,0
0.0,0.0,0.0,59.38,0.0,28.1,25.0,0.016,-8.0,1
0.0,0.0,0.0,3.53,0.0,2.4,2.35,0.076,-4.0,1
0.0,0.0,0.0,80.95,76.19,0.0,0.0,0.0,13.0,1
0.0,63.33,13.33,13.33,0.0,6.7,13.33,0.0,12.0,1
0.0,63.33,13.33,13.33,0.0,6.7,13.33,0.0,12.0,1
0.0,0.0,0.0,3.33,3.33,3.3,0.0,0.667,3.0,1
0.0,48.18,6.88,24.09,6.88,6.9,24.09,0.103,10.0,1
0.0,3.53,0.0,8.24,2.35,3.5,3.53,0.071,-6.0,1
0.0,9.73,7.08,13.27,8.85,0.0,3.54,0.042,7.0,1
1.0,10.0,6.67,12.67,8.67,0.0,3.33,0.04,6.0,1
6.0,0.0,0.0,84.0,72.0,0.0,0.0,0.0,14.0,0
0.0,2.5,0.0,62.5,50.0,15.0,10.0,0.0,9.0,1
1.0,16.67,3.33,10.0,0.0,3.3,3.33,0.45,3.0,1
1.0,48.28,3.45,17.24,17.24,0.0,0.0,0.241,14.0,0
4.0,21.43,21.43,71.43,71.43,0.0,0.0,0.14300000000000002,27.0,0
0.0,2.94,1.76,15.88,15.88,0.0,2.94,0.041,4.0,1
0.0,0.0,0.0,75.0,57.14,7.1,10.71,0.339,12.0,1
0.0,5.36,3.57,21.43,7.14,3.6,14.29,0.386,0.0,0
1.0,0.0,0.0,4.17,1.67,0.8,0.83,0.667,6.0,1
4.0,43.33,6.67,23.33,23.33,0.0,0.0,0.6,22.0,0
1.0,30.0,20.0,55.0,45.0,5.0,5.0,0.188,21.0,1
1.0,35.71,21.43,55.36,41.07,8.9,7.14,0.0,20.0,1
1.0,15.38,6.92,52.31,10.77,4.6,3.08,0.246,9.0,0
0.0,15.29,2.35,40.0,15.29,2.4,3.53,0.112,4.0,0
0.0,33.33,10.0,6.67,13.33,0.0,53.33,2.0,27.0,0
1.0,33.33,21.43,61.9,50.0,7.1,4.76,0.0,21.0,1
1.0,33.33,21.43,61.9,50.0,7.1,4.76,0.0,21.0,1
3.0,0.0,0.0,83.33,56.67,0.0,0.0,0.2,16.0,0
3.0,0.0,0.0,83.33,41.67,0.0,0.0,0.1,14.0,0
2.0,8.18,6.36,30.91,29.09,0.0,2.73,0.036000000000000004,14.0,0
1.0,46.43,14.29,42.86,0.0,0.0,3.57,1.071,27.0,0
0.0,9.33,1.33,69.33,22.67,9.3,12.0,0.0,6.0,1
0.0,10.77,1.54,72.31,21.54,9.2,12.31,0.008,0.0,1
1.0,40.0,24.29,45.71,28.57,11.4,10.0,0.0,17.0,1
1.0,45.71,24.29,44.29,34.29,1.4,8.57,0.121,24.0,1
3.0,22.35,1.88,55.29,30.59,0.7,4.24,0.386,16.0,0
0.0,9.59,1.37,71.23,26.03,6.8,9.59,0.274,9.0,1
0.0,7.14,0.0,57.14,17.86,7.1,14.29,0.025,-3.0,1
1.0,4.76,1.9,22.86,5.71,2.9,14.29,0.429,-1.0,0
0.0,46.88,7.81,25.0,9.38,6.2,21.88,0.438,15.0,1
1.0,42.22,26.67,33.33,26.67,0.0,8.89,0.011,22.0,1
2.0,12.94,7.06,34.12,17.65,5.9,4.71,0.2,10.0,0
4.0,0.0,0.0,86.67,63.33,0.0,0.0,0.223,16.0,1
0.0,0.0,0.0,14.79,9.86,2.1,0.7,0.0,0.0,1
2.0,0.0,0.0,87.5,67.5,0.0,0.0,0.0,14.0,0
1.0,25.0,16.07,64.29,57.14,3.6,3.57,0.214,23.0,1
1.0,30.0,17.5,37.5,27.5,5.0,5.0,0.005,16.0,1
0.0,10.0,0.0,53.33,6.67,6.7,26.67,0.0,-5.0,1
2.0,1.67,0.0,16.67,10.0,1.3,7.33,0.04,-2.0,1
2.0,6.0,0.67,11.33,8.0,2.0,8.67,0.043,-5.0,1
2.0,0.0,0.0,12.67,10.67,0.0,8.0,0.043,-1.0,1
3.0,0.0,0.0,9.33,4.67,3.3,8.0,0.043,-7.0,1
2.0,0.0,0.0,12.35,10.0,0.6,7.65,0.041,-1.0,1
0.0,7.07,4.04,15.15,12.12,0.0,7.07,0.04,3.0,1
2.0,0.0,0.0,12.67,10.67,0.0,8.0,0.04,-1.0,1
3.0,4.0,1.67,18.0,13.33,0.7,8.0,0.06,0.0,1
3.0,1.67,1.0,12.67,10.67,0.7,7.33,0.047,-1.0,1
2.0,4.0,1.33,14.0,10.0,0.7,8.0,0.053,0.0,1
2.0,0.0,0.0,12.67,10.0,0.7,8.0,0.04,-1.0,1
3.0,3.0,2.0,10.67,8.67,0.7,8.0,0.04,-1.0,1
2.0,2.0,1.33,11.33,10.0,0.7,7.33,0.037000000000000005,0.0,1
2.0,0.0,0.0,12.67,10.0,0.7,8.0,0.04,-2.0,1
2.0,2.0,1.33,12.67,10.67,0.7,7.33,0.037000000000000005,0.0,1
4.0,4.67,2.33,17.33,14.67,0.0,8.0,0.067,2.0,1
1.0,0.0,0.0,9.33,4.67,3.3,8.0,0.043,-7.0,1
1.0,5.05,3.03,13.13,11.11,1.0,7.07,0.04,1.0,1
3.0,4.0,1.67,17.33,12.67,0.7,8.0,0.08,0.0,1
2.0,4.0,1.0,15.0,13.0,2.0,1.0,0.015,1.0,1
1.0,0.0,0.0,11.29,8.87,0.8,0.0,0.008,0.0,0
0.0,0.0,0.0,20.0,4.55,2.7,1.82,0.055,-2.0,1
0.0,10.99,3.3,8.79,6.59,1.1,16.48,0.758,13.0,0
0.0,67.86,16.07,10.71,3.57,7.1,14.29,0.0,13.0,1
0.0,0.0,0.0,25.38,5.38,3.1,1.54,0.035,-2.0,1
0.0,3.08,1.98,5.73,3.96,0.0,4.41,0.07,-1.0,1
0.0,66.67,15.0,13.33,3.33,6.7,13.33,0.0,13.0,1
1.0,17.65,2.94,85.29,32.35,5.9,8.82,0.412,14.0,0
0.0,0.0,0.0,0.0,0.0,0.0,0.0,0.0,0.0,1
0.0,0.0,0.0,0.0,0.0,0.0,0.0,0.0,0.0,1
2.0,10.0,6.67,66.67,56.67,0.0,0.0,0.0,20.0,1
0.0,46.43,28.57,32.14,17.86,14.3,10.71,0.0,15.0,1
0.0,46.88,7.81,25.0,9.38,6.2,21.88,0.438,15.0,1
0.0,46.88,7.81,25.0,9.38,6.2,21.88,0.438,15.0,1
0.0,46.88,7.81,28.12,12.5,6.2,21.88,0.438,15.0,1
0.0,36.0,23.0,45.0,43.0,9.0,5.0,0.004,20.0,1
0.0,36.84,23.68,47.37,44.74,2.6,5.26,0.0,22.0,1
0.0,60.71,17.86,17.86,3.57,3.6,14.29,0.018000000000000002,8.0,1
1.0,3.75,0.0,75.0,32.5,7.5,10.0,0.225,8.0,1
1.0,3.73,0.41,20.75,17.01,2.1,8.3,0.027000000000000003,-3.0,1
3.0,2.56,0.0,46.15,7.69,5.1,12.82,0.41,-2.0,0
0.0,5.0,0.0,72.5,30.0,5.0,7.5,0.5,10.0,1
0.0,2.22,0.0,77.78,0.0,2.2,8.89,0.0,-4.0,1
0.0,1.0,0.0,60.0,2.0,30.0,26.0,0.0,-6.0,1
0.0,23.33,15.0,53.33,26.67,1.7,5.0,0.2,20.0,0
2.0,71.43,7.14,0.0,0.0,0.0,0.0,0.75,23.0,0
1.0,40.0,20.0,50.0,35.0,10.0,5.0,0.105,19.0,1
0.0,0.6,0.0,7.14,2.38,3.6,2.38,0.03,-6.0,1
2.0,18.57,2.86,58.57,31.43,2.9,4.29,0.313,12.0,0
1.0,15.71,1.43,57.14,28.57,1.4,1.43,0.311,13.0,0
1.0,11.43,2.86,52.86,30.0,4.3,4.29,0.484,11.0,0
2.0,0.0,0.0,19.23,19.23,0.0,3.85,0.6920000000000001,12.0,0
0.0,0.0,0.0,80.95,76.19,0.0,0.0,0.0,13.0,1
0.0,35.71,7.14,35.71,7.14,14.3,21.43,1.143,20.0,1
0.0,0.0,0.0,12.0,10.0,0.0,8.0,0.033,-2.0,1
0.0,1.0,0.0,21.33,9.33,2.0,6.0,0.053,-2.0,1
1.0,2.11,0.35,13.73,2.46,1.4,6.34,0.048,-3.0,1
1.0,36.67,6.67,6.67,3.33,0.0,3.33,0.667,17.0,0
0.0,0.0,0.0,13.64,9.09,4.6,0.65,0.0,-3.0,1
0.0,0.0,0.0,13.64,9.09,4.6,0.65,0.0,-3.0,1
2.0,18.31,9.86,32.39,32.39,0.0,7.04,0.166,20.0,0
0.0,0.0,0.0,9.29,4.29,2.1,0.71,0.0,-2.0,1
0.0,0.0,0.0,17.57,0.68,1.4,2.03,0.0,-2.0,1
1.0,20.8,12.8,34.4,26.4,0.8,4.8,0.208,20.0,0
1.0,35.71,25.0,57.14,50.0,7.1,3.57,0.018000000000000002,22.0,1
0.0,0.0,0.0,80.0,80.0,0.0,0.0,0.0,13.0,1
0.0,0.0,0.0,80.0,80.0,0.0,0.0,0.0,13.0,1
0.0,50.0,6.25,21.88,3.12,9.4,25.0,0.281,11.0,1
0.0,43.75,6.25,21.88,6.25,6.2,37.5,0.172,10.0,1
1.0,0.0,0.0,5.92,5.92,0.0,0.0,0.0,1.0,1
0.0,1.25,0.83,22.5,17.5,1.7,2.5,0.017,1.0,1
0.0,14.29,1.43,71.43,22.86,5.7,8.57,0.229,8.0,0
0.0,14.29,1.43,71.43,22.86,5.7,8.57,0.229,8.0,0
3.0,9.41,4.71,14.12,1.18,1.2,5.88,0.518,10.0,0
0.0,35.71,10.71,7.14,0.0,0.0,57.14,2.143,27.0,0
0.0,35.71,10.71,0.0,0.0,0.0,57.14,1.929,27.0,0
0.0,4.41,2.64,8.37,8.37,0.0,3.52,0.046,2.0,1
2.0,4.0,2.33,8.67,8.67,0.0,7.33,0.033,0.0,1
0.0,3.96,2.64,3.96,3.52,0.0,7.93,0.037000000000000005,-1.0,1
0.0,4.12,2.65,8.82,8.24,0.0,3.53,0.047,2.0,1
0.0,16.07,8.93,60.71,35.71,0.0,7.14,0.5,24.0,1
0.0,33.33,3.33,23.33,3.33,10.0,23.33,0.05,-2.0,1
2.0,24.14,3.45,20.69,3.45,6.9,17.24,0.052000000000000005,-3.0,1
0.0,0.59,0.0,5.88,3.53,3.5,2.35,0.029,-5.0,1
0.0,17.86,7.14,2.68,0.0,0.0,15.18,0.634,17.0,0
0.0,17.86,6.25,2.68,0.89,0.9,14.29,0.616,13.0,0
2.0,34.38,3.12,6.25,0.0,0.0,0.0,0.406,10.0,0
1.0,0.0,0.0,10.0,4.67,3.3,8.0,0.043,-7.0,1
0.0,1.79,0.0,75.0,46.43,17.9,14.29,0.375,13.0,1
0.0,50.0,9.38,18.75,9.38,6.2,25.0,0.016,13.0,1
0.0,50.0,9.38,18.75,9.38,6.2,25.0,0.016,13.0,1
3.0,37.5,22.5,55.0,2.5,30.0,5.0,0.0,9.0,1
3.0,35.0,20.0,57.5,2.5,27.5,5.0,0.05,9.0,1
2.0,42.5,25.0,47.5,2.5,20.0,7.5,0.475,15.0,1
0.0,0.0,0.0,11.25,8.75,0.0,0.83,0.006,1.0,0
0.0,1.41,0.85,15.25,11.3,1.1,3.39,0.051,0.0,1
0.0,2.67,1.33,8.67,5.33,0.7,2.67,0.16699999999999998,2.0,1
0.0,3.0,1.67,7.33,6.67,0.0,2.67,0.12,2.0,1
0.0,2.33,1.33,7.33,3.33,0.7,2.67,0.107,1.0,1
0.0,32.14,21.43,57.14,39.29,0.0,0.0,0.14300000000000002,26.0,1
2.0,8.82,2.21,48.53,26.47,2.9,5.88,0.426,10.0,0
2.0,5.88,0.0,43.53,31.18,2.1,1.18,0.622,11.0,0
0.0,4.42,0.0,0.0,0.0,0.0,19.47,0.131,-3.0,1
0.0,4.42,0.0,0.0,0.0,0.0,19.47,0.131,-3.0,1
0.0,0.0,0.0,75.0,46.43,10.7,14.29,0.268,11.0,1
0.0,40.0,23.33,50.0,30.0,10.0,6.67,0.087,17.0,1
0.0,36.67,20.0,53.33,43.33,6.7,3.33,0.063,20.0,1
1.0,27.5,17.5,62.5,30.0,2.5,5.0,0.238,21.0,1
3.0,0.0,0.0,95.12,78.05,0.0,0.0,0.207,16.0,0
0.0,0.0,0.0,8.97,6.41,2.6,1.28,0.077,-2.0,1
0.0,93.33,6.67,0.0,0.0,0.0,0.0,0.0,15.0,1
4.0,32.14,5.36,39.29,35.71,0.0,0.0,0.857,24.0,0
1.0,39.29,12.5,39.29,35.71,0.0,0.0,0.679,30.0,0
7.0,3.0,2.67,13.33,8.67,2.0,5.33,0.077,-1.0,1
0.0,0.0,0.0,9.29,4.29,2.1,0.71,0.0,-2.0,1
0.0,0.0,0.0,14.29,10.0,2.1,0.0,0.0,0.0,1
0.0,0.0,0.0,59.38,0.0,28.1,25.0,0.016,-8.0,1
0.0,38.1,21.43,50.0,30.95,9.5,7.14,0.35700000000000004,16.0,1
0.0,42.86,25.0,50.0,28.57,7.1,7.14,0.0,17.0,1
0.0,34.88,20.93,51.16,34.88,9.3,6.98,0.0,18.0,1
0.0,0.0,0.0,9.17,3.33,2.5,1.67,0.008,-4.0,1
6.0,0.0,0.0,100.0,58.33,0.0,0.0,0.0,14.0,0
2.0,0.0,0.0,81.58,42.11,0.0,2.63,0.132,14.0,0
0.0,30.0,3.33,26.67,23.33,3.3,0.0,0.8370000000000001,17.0,0
0.0,53.33,8.33,16.67,3.33,6.7,26.67,0.467,15.0,1
5.0,11.11,2.78,77.78,44.44,0.0,5.56,0.278,19.0,0
1.0,16.81,5.31,1.77,0.88,0.9,15.04,0.412,10.0,0
0.0,15.0,11.0,33.0,20.0,1.0,8.0,0.24,18.0,0
0.0,100.0,7.14,0.0,0.0,0.0,0.0,0.0,17.0,1
0.0,0.0,0.0,65.0,37.5,7.5,2.5,0.0,6.0,1
0.0,1.92,0.77,15.38,1.54,6.2,4.62,0.446,-2.0,0
0.0,0.0,0.0,14.29,10.39,3.2,0.0,0.0,-2.0,1
0.0,100.0,14.29,0.0,0.0,0.0,0.0,0.0,20.0,0
2.0,14.58,10.42,75.0,47.92,4.2,4.17,0.396,24.0,1
0.0,0.0,0.0,4.0,4.0,0.0,10.22,0.044,-5.0,1
0.0,0.0,0.0,17.14,15.0,2.1,0.71,0.0,1.0,1
5.0,0.0,0.0,9.41,8.24,0.0,4.12,0.059,-1.0,1
0.0,0.0,0.0,3.57,0.0,3.6,0.0,0.7859999999999999,3.0,1
0.0,0.0,0.0,3.85,0.0,2.3,0.77,0.754,5.0,1
2.0,16.47,2.35,42.35,23.53,0.0,3.53,0.388,15.0,0
0.0,12.5,0.0,57.14,25.0,7.1,10.71,0.125,0.0,0
0.0,12.5,0.0,57.14,25.0,7.1,10.71,0.125,0.0,0
0.0,12.5,1.79,57.14,25.0,7.1,10.71,0.125,6.0,0
0.0,0.0,0.0,4.67,2.67,0.0,10.0,0.047,-5.0,1
1.0,0.0,0.0,10.67,8.67,0.0,8.67,0.04,-4.0,1
0.0,0.0,0.0,10.67,8.67,0.0,8.67,0.043,-4.0,1
2.0,2.0,1.33,12.0,10.67,0.7,7.33,0.037000000000000005,0.0,1
0.0,44.0,4.0,32.0,0.0,28.0,16.0,0.028,-1.0,1
9.0,0.0,0.0,77.84,65.87,0.0,5.99,0.0,14.0,0
6.0,16.0,12.0,50.0,34.0,2.0,4.0,0.13,20.0,0
2.0,7.5,0.0,82.5,75.0,0.0,2.5,0.1,12.0,0
1.0,46.67,28.89,44.44,26.67,11.1,6.67,0.0,17.0,1
1.0,25.0,12.5,57.14,3.57,3.6,7.14,1.0,21.0,0
6.0,0.0,0.0,93.02,0.0,0.0,0.0,0.0,2.0,0
1.0,0.0,0.0,19.53,14.06,0.8,0.0,0.008,2.0,0
8.0,72.1,6.2,2.2,2.2,0.07,1.1,0.6732283464566929,21.0,0
0.0,69.1,6.8,3.7,3.0,6.8,15.5,0.0078740157480315,-1.0,1
2.0,0.3,0.2,10.4,0.4,1.7,1.2,0.05,-7.0,1
0.0,0.5,0.2,6.0,5.5,2.8,0.5,0.0275590551181102,-7.0,1
0.0,0.8,0.1,1.4,1.4,1.4,3.4,0.00393700787401575,-8.0,1
0.0,0.71,0.0,12.14,8.57,2.9,0.71,0.0,-3.0,1
4.0,0.0,0.0,25.0,25.0,0.0,0.0,0.0,6.0,0
0.0,0.5,0.1,12.2,0.2,4.1,6.4,0.271,-4.0,1
8.0,8.3,7.0,30.0,21.0,1.5,3.9,0.0590551181102362,10.0,0
7.0,14.0,9.7,26.9,18.8,1.5,3.2,0.0551,14.0,0
5.0,10.7,7.6,29.6,20.4,1.9,4.9,0.0551181102362205,12.0,0
1.0,4.0,0.5,18.0,0.5,3.0,2.0,0.19685039370078694,-2.0,1
4.0,81.0,6.5,0.5,0.0,0.0,1.3,0.433070866141732,19.0,0
3.0,2.0,0.4,64.0,17.0,15.0,13.0,0.551181102362205,8.0,1
4.0,26.09,0.0,60.87,60.87,0.0,8.7,0.087,16.0,1
0.0,0.3,0.1,3.1,3.1,1.2,0.7,0.0,-6.0,1
7.0,26.3,2.4,55.4,2.6,6.7,6.8,0.5,8.0,0
4.0,2.1,0.4,42.1,2.9,2.7,8.7,0.307086614173228,-3.0,0
1.0,31.6,18.9,53.7,45.3,4.8,7.2,0.0,21.0,1
0.0,2.33,0.0,76.74,0.0,4.7,9.3,0.0,-6.0,1
0.0,1.43,0.0,34.29,0.0,1.9,3.81,0.0,-2.0,1
0.0,2.65,0.88,17.7,5.31,1.8,3.54,0.049,-2.0,1
2.0,15.2,9.6,28.8,23.2,0.8,4.8,0.17600000000000002,17.0,0
4.0,0.0,0.0,10.0,8.0,0.0,8.0,0.033,-3.0,1
1.0,0.0,0.0,12.94,10.0,1.2,0.59,0.0,1.0,1
0.0,0.94,0.0,25.62,0.0,1.2,2.5,0.003,-1.0,1
1.0,19.23,2.31,7.69,0.0,0.0,0.0,2.385,14.0,1
0.0,0.3,0.1,1.2,0.4,2.3,0.4,1.3779527559055098,7.0,0
3.0,23.89,14.16,32.74,21.24,1.8,5.31,0.345,19.0,0
2.0,23.01,12.39,34.51,29.2,0.9,4.42,0.265,21.0,0
5.0,1.79,0.0,7.14,0.0,0.0,14.29,0.893,5.0,1
5.0,1.79,0.0,5.36,1.79,0.0,14.29,0.911,11.0,1
4.0,2.68,0.0,7.14,5.36,0.0,16.07,0.946,12.0,1
3.0,13.85,1.54,46.15,10.77,1.5,6.15,0.615,11.0,0
2.0,38.89,13.89,0.0,0.0,0.0,33.33,2.222,26.0,0
0.0,0.0,0.0,8.97,6.41,2.6,1.28,0.077,-2.0,1
0.0,0.0,0.0,3.53,0.0,2.4,2.35,0.076,-4.0,1
0.0,0.0,0.0,57.14,5.71,31.4,28.57,0.0,-5.0,1
0.0,0.0,0.0,12.0,12.0,0.9,0.9,0.0,1.0,1
0.0,47.5,30.0,37.5,20.0,12.5,10.0,0.0,16.0,1
0.0,0.0,0.0,15.18,11.61,0.9,0.0,0.009000000000000001,1.0,1
3.0,18.0,11.0,30.0,21.0,0.5,6.0,0.12992125984252,18.0,0
0.0,0.0,0.0,10.83,9.17,0.0,0.83,0.0,2.0,0
0.0,0.0,0.0,13.64,10.39,3.2,0.0,0.0,-2.0,1
0.0,0.0,0.0,13.57,6.43,3.6,0.71,0.0,-4.0,1
0.0,0.0,0.17,8.33,0.0,5.0,5.83,0.35,-5.0,1
4.0,30.3,18.18,54.55,36.36,12.1,9.09,0.076,19.0,1
1.0,44.0,28.0,32.0,28.0,8.0,8.0,0.472,22.0,1
1.0,1.2,0.3,70.0,62.0,8.1,2.5,0.078740157480315,3.0,1
0.0,11.29,1.61,8.06,1.61,4.8,8.06,0.294,-5.0,0
2.0,80.0,6.67,6.67,6.67,0.0,0.0,0.7,23.0,0
0.0,0.53,0.0,9.04,6.91,1.6,9.04,0.029,-6.0,1
1.0,0.88,0.0,2.65,0.0,0.0,16.81,0.257,-2.0,1
0.0,46.67,3.33,10.0,3.33,6.7,23.33,0.2,7.0,1
